date,cash_type,money,coffee_name,month,day,hours,customer_frequency
2024-03-01,card,38.7,Latte,2024-03,Friday,10,17
2024-03-01,card,38.7,Hot Chocolate,2024-03,Friday,12,2
2024-03-01,card,38.7,Hot Chocolate,2024-03,Friday,12,2
2024-03-01,card,28.9,Americano,2024-03,Friday,13,23
2024-03-01,card,38.7,Latte,2024-03,Friday,13,9
2024-03-01,card,33.8,Americano with Milk,2024-03,Friday,15,1
2024-03-01,card,38.7,Hot Chocolate,2024-03,Friday,16,1
2024-03-01,card,33.8,Americano with Milk,2024-03,Friday,18,1
2024-03-01,card,38.7,Cocoa,2024-03,Friday,19,2
2024-03-01,card,33.8,Americano with Milk,2024-03,Friday,19,2
2024-03-01,card,33.8,Americano with Milk,2024-03,Friday,19,63
2024-03-02,card,28.9,Americano,2024-03,Saturday,10,1
2024-03-02,cash,40.0,Latte,2024-03,Saturday,10,0
2024-03-02,card,33.8,Americano with Milk,2024-03,Saturday,10,1
2024-03-02,card,33.8,Americano with Milk,2024-03,Saturday,11,88
2024-03-02,card,28.9,Americano,2024-03,Saturday,14,1
2024-03-02,card,33.8,Americano with Milk,2024-03,Saturday,16,1
2024-03-02,card,28.9,Americano,2024-03,Saturday,17,9
2024-03-03,cash,40.0,Latte,2024-03,Sunday,10,0
2024-03-03,card,38.7,Latte,2024-03,Sunday,10,1
2024-03-03,card,28.9,Cortado,2024-03,Sunday,11,1
2024-03-03,card,28.9,Americano,2024-03,Sunday,12,88
2024-03-03,card,38.7,Hot Chocolate,2024-03,Sunday,13,6
2024-03-03,card,38.7,Cocoa,2024-03,Sunday,17,1
2024-03-03,card,28.9,Cortado,2024-03,Sunday,17,7
2024-03-03,card,33.8,Americano with Milk,2024-03,Sunday,18,3
2024-03-03,card,33.8,Americano with Milk,2024-03,Sunday,18,3
2024-03-03,card,38.7,Hot Chocolate,2024-03,Sunday,18,3
2024-03-04,card,38.7,Latte,2024-03,Monday,10,17
2024-03-04,card,38.7,Latte,2024-03,Monday,10,1
2024-03-04,card,33.8,Americano with Milk,2024-03,Monday,11,88
2024-03-04,card,24.0,Espresso,2024-03,Monday,14,1
2024-03-05,card,38.7,Latte,2024-03,Tuesday,9,17
2024-03-05,card,38.7,Latte,2024-03,Tuesday,14,1
2024-03-05,card,38.7,Latte,2024-03,Tuesday,17,12
2024-03-05,card,38.7,Hot Chocolate,2024-03,Tuesday,17,4
2024-03-05,card,38.7,Cocoa,2024-03,Tuesday,17,2
2024-03-05,card,38.7,Hot Chocolate,2024-03,Tuesday,17,1
2024-03-05,card,38.7,Hot Chocolate,2024-03,Tuesday,17,63
2024-03-05,card,28.9,Cortado,2024-03,Tuesday,17,2
2024-03-05,card,38.7,Hot Chocolate,2024-03,Tuesday,18,2
2024-03-06,cash,35.0,Americano with Milk,2024-03,Wednesday,12,0
2024-03-06,card,28.9,Americano,2024-03,Wednesday,13,88
2024-03-06,card,28.9,Cortado,2024-03,Wednesday,13,88
2024-03-06,card,38.7,Cappuccino,2024-03,Wednesday,14,2
2024-03-06,card,38.7,Cappuccino,2024-03,Wednesday,14,2
2024-03-07,cash,40.0,Latte,2024-03,Thursday,10,0
2024-03-07,card,38.7,Hot Chocolate,2024-03,Thursday,10,1
2024-03-07,card,38.7,Latte,2024-03,Thursday,11,1
2024-03-07,cash,40.0,Latte,2024-03,Thursday,11,0
2024-03-07,card,28.9,Americano,2024-03,Thursday,15,2
2024-03-07,card,33.8,Americano with Milk,2024-03,Thursday,15,5
2024-03-08,card,28.9,Cortado,2024-03,Friday,10,88
2024-03-08,card,38.7,Cappuccino,2024-03,Friday,12,1
2024-03-08,card,28.9,Americano,2024-03,Friday,13,2
2024-03-08,card,28.9,Americano,2024-03,Friday,14,88
2024-03-08,card,28.9,Americano,2024-03,Friday,14,5
2024-03-08,card,33.8,Americano with Milk,2024-03,Friday,14,88
2024-03-08,card,38.7,Latte,2024-03,Friday,18,1
2024-03-08,card,38.7,Latte,2024-03,Friday,18,1
2024-03-09,cash,40.0,Hot Chocolate,2024-03,Saturday,11,0
2024-03-09,card,24.0,Espresso,2024-03,Saturday,12,1
2024-03-09,card,28.9,Americano,2024-03,Saturday,12,1
2024-03-09,card,38.7,Cappuccino,2024-03,Saturday,12,88
2024-03-09,card,28.9,Americano,2024-03,Saturday,12,22
2024-03-09,card,28.9,Americano,2024-03,Saturday,12,22
2024-03-09,card,38.7,Latte,2024-03,Saturday,13,1
2024-03-09,card,33.8,Americano with Milk,2024-03,Saturday,13,2
2024-03-09,card,28.9,Cortado,2024-03,Saturday,13,2
2024-03-09,card,38.7,Cappuccino,2024-03,Saturday,13,2
2024-03-09,card,33.8,Americano with Milk,2024-03,Saturday,14,63
2024-03-09,card,38.7,Hot Chocolate,2024-03,Saturday,14,1
2024-03-09,card,38.7,Cappuccino,2024-03,Saturday,19,63
2024-03-09,card,38.7,Hot Chocolate,2024-03,Saturday,19,63
2024-03-10,cash,30.0,Americano,2024-03,Sunday,7,0
2024-03-10,cash,35.0,Americano with Milk,2024-03,Sunday,7,0
2024-03-10,cash,40.0,Latte,2024-03,Sunday,10,0
2024-03-10,card,24.0,Espresso,2024-03,Sunday,11,1
2024-03-10,cash,35.0,Americano with Milk,2024-03,Sunday,17,0
2024-03-10,card,38.7,Latte,2024-03,Sunday,19,2
2024-03-10,card,28.9,Cortado,2024-03,Sunday,19,2
2024-03-11,cash,40.0,Latte,2024-03,Monday,10,0
2024-03-11,cash,40.0,Cappuccino,2024-03,Monday,11,0
2024-03-11,cash,30.0,Cortado,2024-03,Monday,11,0
2024-03-11,cash,30.0,Americano,2024-03,Monday,11,0
2024-03-11,card,38.7,Cappuccino,2024-03,Monday,11,2
2024-03-11,card,28.9,Americano,2024-03,Monday,16,2
2024-03-11,card,38.7,Latte,2024-03,Monday,16,2
2024-03-11,card,28.9,Cortado,2024-03,Monday,16,2
2024-03-12,cash,40.0,Latte,2024-03,Tuesday,10,0
2024-03-12,card,28.9,Americano,2024-03,Tuesday,10,5
2024-03-12,card,28.9,Cortado,2024-03,Tuesday,10,5
2024-03-12,card,38.7,Hot Chocolate,2024-03,Tuesday,11,4
2024-03-12,card,33.8,Americano with Milk,2024-03,Tuesday,12,9
2024-03-12,card,28.9,Americano,2024-03,Tuesday,12,9
2024-03-12,card,28.9,Americano,2024-03,Tuesday,16,6
2024-03-13,card,38.7,Hot Chocolate,2024-03,Wednesday,11,2
2024-03-13,card,28.9,Americano,2024-03,Wednesday,11,9
2024-03-13,card,28.9,Americano,2024-03,Wednesday,12,2
2024-03-13,card,28.9,Americano,2024-03,Wednesday,12,2
2024-03-13,cash,25.0,Espresso,2024-03,Wednesday,12,0
2024-03-13,card,33.8,Americano with Milk,2024-03,Wednesday,14,1
2024-03-13,card,24.0,Espresso,2024-03,Wednesday,15,2
2024-03-13,card,24.0,Espresso,2024-03,Wednesday,15,2
2024-03-13,card,24.0,Espresso,2024-03,Wednesday,16,1
2024-03-14,cash,40.0,Latte,2024-03,Thursday,10,0
2024-03-14,card,38.7,Latte,2024-03,Thursday,10,4
2024-03-14,card,38.7,Hot Chocolate,2024-03,Thursday,10,4
2024-03-14,card,28.9,Cortado,2024-03,Thursday,13,88
2024-03-14,card,28.9,Americano,2024-03,Thursday,13,88
2024-03-14,card,33.8,Americano with Milk,2024-03,Thursday,13,1
2024-03-14,card,24.0,Espresso,2024-03,Thursday,13,1
2024-03-14,card,38.7,Latte,2024-03,Thursday,15,2
2024-03-14,card,33.8,Americano with Milk,2024-03,Thursday,16,12
2024-03-14,card,24.0,Espresso,2024-03,Thursday,16,6
2024-03-14,card,38.7,Hot Chocolate,2024-03,Thursday,18,7
2024-03-14,card,28.9,Cortado,2024-03,Thursday,19,88
2024-03-15,cash,40.0,Latte,2024-03,Friday,10,0
2024-03-15,card,38.7,Hot Chocolate,2024-03,Friday,10,1
2024-03-15,card,28.9,Americano,2024-03,Friday,18,88
2024-03-16,card,33.8,Americano with Milk,2024-03,Saturday,12,2
2024-03-16,card,28.9,Americano,2024-03,Saturday,12,2
2024-03-16,card,28.9,Cortado,2024-03,Saturday,15,63
2024-03-16,card,28.9,Cortado,2024-03,Saturday,16,63
2024-03-16,card,28.9,Cortado,2024-03,Saturday,16,88
2024-03-16,card,33.8,Americano with Milk,2024-03,Saturday,17,1
2024-03-17,cash,40.0,Latte,2024-03,Sunday,10,0
2024-03-17,card,28.9,Cortado,2024-03,Sunday,12,1
2024-03-18,card,28.9,Cortado,2024-03,Monday,11,3
2024-03-18,card,28.9,Americano,2024-03,Monday,15,23
2024-03-18,card,28.9,Americano,2024-03,Monday,15,23
2024-03-18,card,28.9,Americano,2024-03,Monday,15,23
2024-03-19,cash,30.0,Cortado,2024-03,Tuesday,10,0
2024-03-19,card,38.7,Latte,2024-03,Tuesday,14,2
2024-03-19,card,38.7,Latte,2024-03,Tuesday,14,2
2024-03-19,card,38.7,Hot Chocolate,2024-03,Tuesday,15,4
2024-03-19,card,33.8,Americano with Milk,2024-03,Tuesday,16,1
2024-03-19,cash,40.0,Hot Chocolate,2024-03,Tuesday,19,0
2024-03-20,card,28.9,Cortado,2024-03,Wednesday,11,88
2024-03-20,cash,40.0,Latte,2024-03,Wednesday,12,0
2024-03-20,card,28.9,Cortado,2024-03,Wednesday,12,4
2024-03-20,card,38.7,Cappuccino,2024-03,Wednesday,13,1
2024-03-20,card,38.7,Cocoa,2024-03,Wednesday,16,6
2024-03-20,card,38.7,Latte,2024-03,Wednesday,17,1
2024-03-21,cash,40.0,Cappuccino,2024-03,Thursday,10,0
2024-03-21,card,28.9,Cortado,2024-03,Thursday,12,88
2024-03-21,card,38.7,Cappuccino,2024-03,Thursday,12,88
2024-03-21,cash,30.0,Americano,2024-03,Thursday,17,0
2024-03-21,card,28.9,Cortado,2024-03,Thursday,17,88
2024-03-21,card,38.7,Latte,2024-03,Thursday,19,5
2024-03-22,card,33.8,Americano with Milk,2024-03,Friday,10,1
2024-03-22,card,33.8,Americano with Milk,2024-03,Friday,13,1
2024-03-22,cash,40.0,Cappuccino,2024-03,Friday,16,0
2024-03-22,card,28.9,Americano,2024-03,Friday,17,88
2024-03-22,card,24.0,Espresso,2024-03,Friday,17,88
2024-03-22,card,28.9,Americano,2024-03,Friday,17,6
2024-03-23,card,38.7,Latte,2024-03,Saturday,10,1
2024-03-23,card,33.8,Americano with Milk,2024-03,Saturday,10,1
2024-03-23,card,38.7,Cappuccino,2024-03,Saturday,13,2
2024-03-23,card,38.7,Cocoa,2024-03,Saturday,13,2
2024-03-23,card,33.8,Americano with Milk,2024-03,Saturday,14,1
2024-03-23,card,38.7,Latte,2024-03,Saturday,15,2
2024-03-23,card,33.8,Americano with Milk,2024-03,Saturday,15,2
2024-03-23,card,28.9,Cortado,2024-03,Saturday,16,63
2024-03-24,cash,40.0,Latte,2024-03,Sunday,10,0
2024-03-24,card,38.7,Latte,2024-03,Sunday,18,5
2024-03-25,card,38.7,Latte,2024-03,Monday,10,63
2024-03-25,cash,35.0,Americano with Milk,2024-03,Monday,11,0
2024-03-25,card,38.7,Latte,2024-03,Monday,14,1
2024-03-25,card,38.7,Latte,2024-03,Monday,14,6
2024-03-25,card,33.8,Americano with Milk,2024-03,Monday,18,12
2024-03-25,card,38.7,Cappuccino,2024-03,Monday,19,1
2024-03-26,card,38.7,Cocoa,2024-03,Tuesday,10,4
2024-03-26,card,38.7,Latte,2024-03,Tuesday,10,4
2024-03-26,card,38.7,Latte,2024-03,Tuesday,10,1
2024-03-26,card,28.9,Cortado,2024-03,Tuesday,11,63
2024-03-26,card,28.9,Americano,2024-03,Tuesday,13,23
2024-03-26,card,28.9,Cortado,2024-03,Tuesday,13,2
2024-03-26,card,28.9,Cortado,2024-03,Tuesday,13,12
2024-03-26,card,28.9,Americano,2024-03,Tuesday,13,6
2024-03-26,card,38.7,Latte,2024-03,Tuesday,15,2
2024-03-26,card,38.7,Latte,2024-03,Tuesday,18,12
2024-03-26,card,38.7,Hot Chocolate,2024-03,Tuesday,18,63
2024-03-27,card,28.9,Cortado,2024-03,Wednesday,11,23
2024-03-27,card,33.8,Americano with Milk,2024-03,Wednesday,11,23
2024-03-27,card,33.8,Americano with Milk,2024-03,Wednesday,12,1
2024-03-27,card,38.7,Hot Chocolate,2024-03,Wednesday,13,1
2024-03-27,card,38.7,Cappuccino,2024-03,Wednesday,14,88
2024-03-27,card,28.9,Americano,2024-03,Wednesday,14,88
2024-03-27,card,28.9,Cortado,2024-03,Wednesday,18,1
2024-03-27,cash,40.0,Latte,2024-03,Wednesday,19,0
2024-03-28,card,28.9,Cortado,2024-03,Thursday,14,2
2024-03-28,card,28.9,Cortado,2024-03,Thursday,17,88
2024-03-28,card,28.9,Americano,2024-03,Thursday,17,88
2024-03-28,card,38.7,Latte,2024-03,Thursday,17,1
2024-03-29,card,38.7,Latte,2024-03,Friday,10,1
2024-03-29,card,38.7,Cappuccino,2024-03,Friday,12,2
2024-03-29,card,38.7,Cappuccino,2024-03,Friday,12,2
2024-03-29,cash,40.0,Cappuccino,2024-03,Friday,13,0
2024-03-30,card,38.7,Latte,2024-03,Saturday,11,5
2024-03-30,cash,40.0,Cappuccino,2024-03,Saturday,13,0
2024-03-30,card,38.7,Latte,2024-03,Saturday,16,6
2024-03-30,card,38.7,Latte,2024-03,Saturday,16,63
2024-03-30,card,33.8,Americano with Milk,2024-03,Saturday,16,63
2024-03-31,card,38.7,Cappuccino,2024-03,Sunday,10,1
2024-03-31,cash,30.0,Americano,2024-03,Sunday,19,0
2024-04-01,card,28.9,Americano,2024-04,Monday,10,9
2024-04-01,card,33.8,Americano with Milk,2024-04,Monday,10,9
2024-04-01,card,33.8,Americano with Milk,2024-04,Monday,10,9
2024-04-01,card,33.8,Americano with Milk,2024-04,Monday,11,63
2024-04-01,cash,40.0,Cappuccino,2024-04,Monday,17,0
2024-04-01,card,33.8,Americano with Milk,2024-04,Monday,18,12
2024-04-01,card,38.7,Hot Chocolate,2024-04,Monday,18,1
2024-04-02,card,38.7,Latte,2024-04,Tuesday,10,17
2024-04-02,card,28.9,Americano,2024-04,Tuesday,16,23
2024-04-02,card,28.9,Cortado,2024-04,Tuesday,16,23
2024-04-02,cash,40.0,Cappuccino,2024-04,Tuesday,19,0
2024-04-03,card,28.9,Cortado,2024-04,Wednesday,10,23
2024-04-03,card,28.9,Americano,2024-04,Wednesday,10,23
2024-04-03,card,38.7,Cappuccino,2024-04,Wednesday,13,88
2024-04-03,cash,30.0,Cortado,2024-04,Wednesday,15,0
2024-04-04,card,38.7,Latte,2024-04,Thursday,10,3
2024-04-04,card,38.7,Latte,2024-04,Thursday,11,1
2024-04-04,card,38.7,Cappuccino,2024-04,Thursday,11,1
2024-04-04,card,28.9,Cortado,2024-04,Thursday,12,1
2024-04-04,cash,40.0,Latte,2024-04,Thursday,19,0
2024-04-05,card,28.9,Americano,2024-04,Friday,10,1
2024-04-05,card,28.9,Americano,2024-04,Friday,10,88
2024-04-05,card,28.9,Cortado,2024-04,Friday,11,1
2024-04-05,card,33.8,Americano with Milk,2024-04,Friday,12,27
2024-04-05,card,38.7,Latte,2024-04,Friday,14,2
2024-04-05,card,28.9,Cortado,2024-04,Friday,14,2
2024-04-05,cash,40.0,Latte,2024-04,Friday,15,0
2024-04-05,cash,40.0,Cappuccino,2024-04,Friday,15,0
2024-04-05,cash,30.0,Americano,2024-04,Friday,15,0
2024-04-05,cash,40.0,Cocoa,2024-04,Friday,16,0
2024-04-05,card,24.0,Espresso,2024-04,Friday,16,23
2024-04-06,card,33.8,Americano with Milk,2024-04,Saturday,12,4
2024-04-06,card,38.7,Cappuccino,2024-04,Saturday,14,22
2024-04-06,card,28.9,Americano,2024-04,Saturday,14,22
2024-04-06,card,38.7,Latte,2024-04,Saturday,14,63
2024-04-07,card,38.7,Latte,2024-04,Sunday,10,3
2024-04-07,card,38.7,Cappuccino,2024-04,Sunday,12,22
2024-04-07,card,38.7,Cappuccino,2024-04,Sunday,12,22
2024-04-07,card,28.9,Cortado,2024-04,Sunday,14,2
2024-04-07,card,24.0,Espresso,2024-04,Sunday,14,2
2024-04-07,card,38.7,Hot Chocolate,2024-04,Sunday,18,2
2024-04-07,card,33.8,Americano with Milk,2024-04,Sunday,18,2
2024-04-08,card,33.8,Americano with Milk,2024-04,Monday,10,1
2024-04-08,card,38.7,Cappuccino,2024-04,Monday,10,1
2024-04-08,card,28.9,Americano,2024-04,Monday,11,88
2024-04-08,card,38.7,Cappuccino,2024-04,Monday,11,1
2024-04-08,cash,25.0,Espresso,2024-04,Monday,12,0
2024-04-08,cash,35.0,Americano with Milk,2024-04,Monday,15,0
2024-04-08,card,38.7,Latte,2024-04,Monday,16,6
2024-04-08,card,28.9,Americano,2024-04,Monday,18,1
2024-04-08,card,33.8,Americano with Milk,2024-04,Monday,19,12
2024-04-08,card,38.7,Cappuccino,2024-04,Monday,19,2
2024-04-09,cash,40.0,Cappuccino,2024-04,Tuesday,10,0
2024-04-09,cash,30.0,Americano,2024-04,Tuesday,10,0
2024-04-09,card,38.7,Latte,2024-04,Tuesday,11,3
2024-04-09,card,38.7,Hot Chocolate,2024-04,Tuesday,15,1
2024-04-09,card,38.7,Hot Chocolate,2024-04,Tuesday,17,4
2024-04-10,cash,25.0,Espresso,2024-04,Wednesday,10,0
2024-04-10,cash,40.0,Hot Chocolate,2024-04,Wednesday,17,0
2024-04-10,card,24.0,Espresso,2024-04,Wednesday,17,1
2024-04-10,card,38.7,Cappuccino,2024-04,Wednesday,18,63
2024-04-10,card,38.7,Latte,2024-04,Wednesday,20,1
2024-04-11,card,28.9,Americano,2024-04,Thursday,10,2
2024-04-11,card,28.9,Americano,2024-04,Thursday,10,2
2024-04-11,card,38.7,Latte,2024-04,Thursday,16,6
2024-04-11,card,38.7,Cappuccino,2024-04,Thursday,19,2
2024-04-11,card,33.8,Americano with Milk,2024-04,Thursday,19,12
2024-04-12,card,38.7,Hot Chocolate,2024-04,Friday,19,7
2024-04-12,card,28.9,Cortado,2024-04,Friday,19,63
2024-04-13,card,38.7,Latte,2024-04,Saturday,12,63
2024-04-13,card,28.9,Americano,2024-04,Saturday,12,88
2024-04-13,cash,40.0,Hot Chocolate,2024-04,Saturday,15,0
2024-04-13,cash,40.0,Hot Chocolate,2024-04,Saturday,15,0
2024-04-13,card,38.7,Cappuccino,2024-04,Saturday,16,2
2024-04-13,card,38.7,Latte,2024-04,Saturday,16,2
2024-04-13,card,38.7,Cappuccino,2024-04,Saturday,17,1
2024-04-13,card,38.7,Cappuccino,2024-04,Saturday,17,88
2024-04-14,cash,40.0,Latte,2024-04,Sunday,10,0
2024-04-14,card,38.7,Cappuccino,2024-04,Sunday,12,1
2024-04-14,cash,30.0,Cortado,2024-04,Sunday,12,0
2024-04-14,cash,30.0,Cortado,2024-04,Sunday,12,0
2024-04-14,cash,35.0,Americano with Milk,2024-04,Sunday,12,0
2024-04-14,card,28.9,Cortado,2024-04,Sunday,13,1
2024-04-14,card,28.9,Americano,2024-04,Sunday,14,88
2024-04-14,card,28.9,Americano,2024-04,Sunday,14,88
2024-04-14,card,28.9,Americano,2024-04,Sunday,14,88
2024-04-14,card,38.7,Cappuccino,2024-04,Sunday,15,6
2024-04-14,card,28.9,Cortado,2024-04,Sunday,16,88
2024-04-14,card,38.7,Latte,2024-04,Sunday,17,7
2024-04-14,card,38.7,Cappuccino,2024-04,Sunday,18,2
2024-04-15,card,28.9,Americano,2024-04,Monday,11,3
2024-04-15,card,28.9,Americano,2024-04,Monday,17,23
2024-04-15,card,33.8,Americano with Milk,2024-04,Monday,17,9
2024-04-15,card,33.8,Americano with Milk,2024-04,Monday,19,63
2024-04-15,cash,25.0,Espresso,2024-04,Monday,19,0
2024-04-16,cash,35.0,Americano with Milk,2024-04,Tuesday,10,0
2024-04-16,card,33.8,Americano with Milk,2024-04,Tuesday,10,1
2024-04-16,card,38.7,Cocoa,2024-04,Tuesday,12,1
2024-04-16,card,28.9,Cortado,2024-04,Tuesday,12,3
2024-04-16,card,28.9,Americano,2024-04,Tuesday,15,6
2024-04-16,card,33.8,Americano with Milk,2024-04,Tuesday,17,12
2024-04-16,card,38.7,Cappuccino,2024-04,Tuesday,17,63
2024-04-16,card,38.7,Cocoa,2024-04,Tuesday,18,6
2024-04-17,card,28.9,Americano,2024-04,Wednesday,13,88
2024-04-17,card,24.0,Espresso,2024-04,Wednesday,13,1
2024-04-17,cash,40.0,Cappuccino,2024-04,Wednesday,16,0
2024-04-17,card,38.7,Cappuccino,2024-04,Wednesday,17,3
2024-04-17,card,38.7,Cappuccino,2024-04,Wednesday,17,3
2024-04-17,card,28.9,Cortado,2024-04,Wednesday,18,1
2024-04-18,card,28.9,Americano,2024-04,Thursday,11,23
2024-04-18,card,28.9,Americano,2024-04,Thursday,11,23
2024-04-18,card,33.8,Americano with Milk,2024-04,Thursday,13,2
2024-04-18,card,28.9,Cortado,2024-04,Thursday,13,2
2024-04-18,card,38.7,Cappuccino,2024-04,Thursday,14,2
2024-04-18,card,38.7,Latte,2024-04,Thursday,14,2
2024-04-18,card,38.7,Latte,2024-04,Thursday,17,5
2024-04-18,card,38.7,Cappuccino,2024-04,Thursday,18,2
2024-04-18,card,38.7,Hot Chocolate,2024-04,Thursday,19,12
2024-04-18,card,38.7,Hot Chocolate,2024-04,Thursday,19,63
2024-04-19,card,38.7,Latte,2024-04,Friday,10,17
2024-04-19,card,33.8,Americano with Milk,2024-04,Friday,13,22
2024-04-19,card,38.7,Cappuccino,2024-04,Friday,13,22
2024-04-19,card,38.7,Hot Chocolate,2024-04,Friday,13,2
2024-04-19,card,38.7,Cappuccino,2024-04,Friday,13,2
2024-04-19,card,38.7,Cocoa,2024-04,Friday,18,12
2024-04-19,card,33.8,Americano with Milk,2024-04,Friday,18,63
2024-04-20,cash,35.0,Americano with Milk,2024-04,Saturday,11,0
2024-04-20,card,33.8,Americano with Milk,2024-04,Saturday,12,2
2024-04-20,card,33.8,Americano with Milk,2024-04,Saturday,12,2
2024-04-20,card,28.9,Americano,2024-04,Saturday,13,6
2024-04-20,card,33.8,Americano with Milk,2024-04,Saturday,13,6
2024-04-20,card,38.7,Hot Chocolate,2024-04,Saturday,13,6
2024-04-20,card,38.7,Cappuccino,2024-04,Saturday,14,22
2024-04-20,card,33.8,Americano with Milk,2024-04,Saturday,15,63
2024-04-20,card,32.82,Americano with Milk,2024-04,Saturday,15,88
2024-04-20,card,32.82,Americano with Milk,2024-04,Saturday,15,1
2024-04-20,cash,39.0,Cocoa,2024-04,Saturday,17,0
2024-04-20,card,37.72,Cappuccino,2024-04,Saturday,18,2
2024-04-20,card,37.72,Cappuccino,2024-04,Saturday,18,2
2024-04-20,card,37.72,Latte,2024-04,Saturday,19,1
2024-04-21,card,37.72,Latte,2024-04,Sunday,11,17
2024-04-21,card,27.92,Americano,2024-04,Sunday,14,4
2024-04-21,cash,39.0,Cappuccino,2024-04,Sunday,17,0
2024-04-22,card,27.92,Americano,2024-04,Monday,11,88
2024-04-22,card,32.82,Americano with Milk,2024-04,Monday,11,1
2024-04-22,cash,39.0,Latte,2024-04,Monday,18,0
2024-04-22,card,37.72,Latte,2024-04,Monday,19,63
2024-04-22,cash,39.0,Cappuccino,2024-04,Monday,20,0
2024-04-23,card,37.72,Cappuccino,2024-04,Tuesday,14,4
2024-04-23,card,32.82,Americano with Milk,2024-04,Tuesday,14,12
2024-04-23,card,37.72,Cappuccino,2024-04,Tuesday,14,63
2024-04-23,card,32.82,Americano with Milk,2024-04,Tuesday,19,2
2024-04-23,card,32.82,Americano with Milk,2024-04,Tuesday,19,2
2024-04-24,card,37.72,Latte,2024-04,Wednesday,10,17
2024-04-24,card,32.82,Americano with Milk,2024-04,Wednesday,10,1
2024-04-24,card,32.82,Americano with Milk,2024-04,Wednesday,11,1
2024-04-24,card,32.82,Americano with Milk,2024-04,Wednesday,11,2
2024-04-24,card,32.82,Americano with Milk,2024-04,Wednesday,12,12
2024-04-24,card,32.82,Americano with Milk,2024-04,Wednesday,16,63
2024-04-24,card,32.82,Americano with Milk,2024-04,Wednesday,19,11
2024-04-24,card,37.72,Cappuccino,2024-04,Wednesday,19,11
2024-04-25,card,27.92,Americano,2024-04,Thursday,10,1
2024-04-25,card,37.72,Latte,2024-04,Thursday,15,63
2024-04-25,card,27.92,Americano,2024-04,Thursday,17,88
2024-04-25,card,27.92,Americano,2024-04,Thursday,17,88
2024-04-26,card,37.72,Latte,2024-04,Friday,10,17
2024-04-26,card,37.72,Latte,2024-04,Friday,12,1
2024-04-26,card,37.72,Cappuccino,2024-04,Friday,13,1
2024-04-26,card,27.92,Americano,2024-04,Friday,15,88
2024-04-26,card,27.92,Americano,2024-04,Friday,15,88
2024-04-26,card,27.92,Cortado,2024-04,Friday,16,1
2024-04-26,card,27.92,Americano,2024-04,Friday,16,1
2024-04-26,card,37.72,Hot Chocolate,2024-04,Friday,19,63
2024-04-26,card,37.72,Cocoa,2024-04,Friday,19,63
2024-04-27,card,37.72,Cappuccino,2024-04,Saturday,15,63
2024-04-28,card,37.72,Latte,2024-04,Sunday,10,17
2024-04-28,card,37.72,Cappuccino,2024-04,Sunday,12,2
2024-04-28,card,27.92,Americano,2024-04,Sunday,18,88
2024-04-28,card,27.92,Americano,2024-04,Sunday,18,88
2024-04-28,card,37.72,Latte,2024-04,Sunday,18,7
2024-04-29,card,27.92,Cortado,2024-04,Monday,11,17
2024-04-29,card,27.92,Americano,2024-04,Monday,13,23
2024-04-29,card,27.92,Cortado,2024-04,Monday,13,23
2024-04-29,card,27.92,Cortado,2024-04,Monday,13,17
2024-04-29,card,32.82,Americano with Milk,2024-04,Monday,13,17
2024-04-29,card,37.72,Cappuccino,2024-04,Monday,18,2
2024-04-29,card,37.72,Cappuccino,2024-04,Monday,19,11
2024-04-29,card,37.72,Cappuccino,2024-04,Monday,19,11
2024-04-30,card,37.72,Latte,2024-04,Tuesday,10,8
2024-04-30,card,32.82,Americano with Milk,2024-04,Tuesday,10,8
2024-04-30,card,32.82,Americano with Milk,2024-04,Tuesday,10,8
2024-04-30,card,27.92,Americano,2024-04,Tuesday,13,8
2024-04-30,card,32.82,Americano with Milk,2024-04,Tuesday,13,8
2024-04-30,card,37.72,Cappuccino,2024-04,Tuesday,19,8
2024-04-30,card,32.82,Americano with Milk,2024-04,Tuesday,19,8
2024-04-30,card,37.72,Latte,2024-04,Tuesday,19,8
2024-05-02,card,27.92,Americano,2024-05,Thursday,10,5
2024-05-02,cash,39.0,Latte,2024-05,Thursday,11,0
2024-05-02,card,32.82,Americano with Milk,2024-05,Thursday,13,2
2024-05-02,card,37.72,Cappuccino,2024-05,Thursday,18,1
2024-05-02,card,32.82,Americano with Milk,2024-05,Thursday,18,12
2024-05-02,card,37.72,Latte,2024-05,Thursday,19,2
2024-05-02,card,37.72,Cappuccino,2024-05,Thursday,19,2
2024-05-03,cash,39.0,Latte,2024-05,Friday,10,0
2024-05-03,card,37.72,Latte,2024-05,Friday,14,1
2024-05-03,card,37.72,Latte,2024-05,Friday,17,1
2024-05-06,card,27.92,Americano,2024-05,Monday,10,5
2024-05-06,card,37.72,Cappuccino,2024-05,Monday,10,2
2024-05-06,card,32.82,Americano with Milk,2024-05,Monday,10,2
2024-05-06,card,27.92,Americano,2024-05,Monday,10,1
2024-05-06,card,27.92,Cortado,2024-05,Monday,10,17
2024-05-06,cash,29.0,Americano,2024-05,Monday,11,0
2024-05-06,card,27.92,Cortado,2024-05,Monday,13,5
2024-05-06,card,27.92,Americano,2024-05,Monday,13,5
2024-05-06,card,37.72,Cappuccino,2024-05,Monday,19,2
2024-05-06,card,37.72,Cappuccino,2024-05,Monday,19,2
2024-05-07,card,37.72,Cocoa,2024-05,Tuesday,10,5
2024-05-07,card,27.92,Cortado,2024-05,Tuesday,11,17
2024-05-07,card,27.92,Cortado,2024-05,Tuesday,13,5
2024-05-07,card,37.72,Cocoa,2024-05,Tuesday,16,5
2024-05-07,card,27.92,Americano,2024-05,Tuesday,16,1
2024-05-07,card,37.72,Cappuccino,2024-05,Tuesday,17,7
2024-05-07,card,37.72,Latte,2024-05,Tuesday,17,7
2024-05-07,cash,34.0,Americano with Milk,2024-05,Tuesday,18,0
2024-05-07,card,37.72,Cappuccino,2024-05,Tuesday,19,8
2024-05-07,card,37.72,Cappuccino,2024-05,Tuesday,19,8
2024-05-08,card,37.72,Latte,2024-05,Wednesday,10,17
2024-05-09,card,37.72,Cappuccino,2024-05,Thursday,12,1
2024-05-09,card,27.92,Americano,2024-05,Thursday,13,4
2024-05-09,card,37.72,Latte,2024-05,Thursday,13,4
2024-05-09,card,37.72,Latte,2024-05,Thursday,13,4
2024-05-09,card,37.72,Latte,2024-05,Thursday,13,4
2024-05-09,card,27.92,Americano,2024-05,Thursday,16,6
2024-05-09,card,27.92,Americano,2024-05,Thursday,16,6
2024-05-09,card,27.92,Americano,2024-05,Thursday,18,1
2024-05-09,card,32.82,Americano with Milk,2024-05,Thursday,18,5
2024-05-10,cash,39.0,Latte,2024-05,Friday,10,0
2024-05-10,card,37.72,Latte,2024-05,Friday,15,2
2024-05-10,card,37.72,Latte,2024-05,Friday,15,2
2024-05-10,cash,34.0,Americano with Milk,2024-05,Friday,16,0
2024-05-11,card,37.72,Latte,2024-05,Saturday,11,5
2024-05-11,cash,39.0,Latte,2024-05,Saturday,17,0
2024-05-11,card,32.82,Americano with Milk,2024-05,Saturday,17,63
2024-05-11,card,37.72,Cocoa,2024-05,Saturday,17,2
2024-05-11,card,37.72,Cappuccino,2024-05,Saturday,17,22
2024-05-11,card,32.82,Americano with Milk,2024-05,Saturday,17,88
2024-05-11,card,37.72,Cappuccino,2024-05,Saturday,18,2
2024-05-11,card,37.72,Latte,2024-05,Saturday,19,1
2024-05-12,card,37.72,Latte,2024-05,Sunday,10,17
2024-05-12,card,37.72,Latte,2024-05,Sunday,13,1
2024-05-12,card,27.92,Americano,2024-05,Sunday,13,1
2024-05-12,card,37.72,Latte,2024-05,Sunday,15,5
2024-05-12,card,32.82,Americano with Milk,2024-05,Sunday,15,1
2024-05-12,card,32.82,Americano with Milk,2024-05,Sunday,15,1
2024-05-12,card,32.82,Americano with Milk,2024-05,Sunday,16,88
2024-05-12,card,32.82,Americano with Milk,2024-05,Sunday,19,63
2024-05-13,card,32.82,Americano with Milk,2024-05,Monday,11,7
2024-05-13,cash,29.0,Americano,2024-05,Monday,15,0
2024-05-13,cash,29.0,Americano,2024-05,Monday,15,0
2024-05-14,card,27.92,Americano,2024-05,Tuesday,8,88
2024-05-14,card,27.92,Americano,2024-05,Tuesday,8,88
2024-05-14,card,27.92,Americano,2024-05,Tuesday,8,88
2024-05-14,card,37.72,Cappuccino,2024-05,Tuesday,10,88
2024-05-14,card,37.72,Latte,2024-05,Tuesday,11,2
2024-05-14,card,37.72,Cappuccino,2024-05,Tuesday,11,2
2024-05-14,card,37.72,Cappuccino,2024-05,Tuesday,14,4
2024-05-14,card,32.82,Americano with Milk,2024-05,Tuesday,14,63
2024-05-14,card,27.92,Americano,2024-05,Tuesday,15,22
2024-05-14,card,32.82,Americano with Milk,2024-05,Tuesday,16,2
2024-05-14,card,37.72,Cappuccino,2024-05,Tuesday,16,2
2024-05-14,card,37.72,Hot Chocolate,2024-05,Tuesday,22,1
2024-05-15,card,37.72,Latte,2024-05,Wednesday,8,1
2024-05-15,card,23.02,Espresso,2024-05,Wednesday,11,88
2024-05-15,card,27.92,Americano,2024-05,Wednesday,11,88
2024-05-15,card,27.92,Americano,2024-05,Wednesday,13,23
2024-05-15,card,27.92,Americano,2024-05,Wednesday,13,23
2024-05-15,card,27.92,Americano,2024-05,Wednesday,13,23
2024-05-15,card,32.82,Americano with Milk,2024-05,Wednesday,13,7
2024-05-15,cash,29.0,Americano,2024-05,Wednesday,14,0
2024-05-15,card,27.92,Cortado,2024-05,Wednesday,14,1
2024-05-15,card,27.92,Cortado,2024-05,Wednesday,14,88
2024-05-15,card,23.02,Espresso,2024-05,Wednesday,17,1
2024-05-15,card,37.72,Cappuccino,2024-05,Wednesday,20,1
2024-05-16,card,32.82,Americano with Milk,2024-05,Thursday,10,27
2024-05-16,card,32.82,Americano with Milk,2024-05,Thursday,10,2
2024-05-16,cash,39.0,Latte,2024-05,Thursday,11,0
2024-05-16,cash,39.0,Cappuccino,2024-05,Thursday,11,0
2024-05-16,card,32.82,Americano with Milk,2024-05,Thursday,12,1
2024-05-16,card,37.72,Hot Chocolate,2024-05,Thursday,15,1
2024-05-16,card,37.72,Latte,2024-05,Thursday,17,5
2024-05-16,card,37.72,Hot Chocolate,2024-05,Thursday,18,2
2024-05-16,card,37.72,Latte,2024-05,Thursday,18,2
2024-05-17,card,27.92,Americano,2024-05,Friday,9,5
2024-05-17,card,32.82,Americano with Milk,2024-05,Friday,11,7
2024-05-17,cash,34.0,Americano with Milk,2024-05,Friday,14,0
2024-05-17,card,32.82,Americano with Milk,2024-05,Friday,19,88
2024-05-17,card,37.72,Cappuccino,2024-05,Friday,19,63
2024-05-17,card,37.72,Cappuccino,2024-05,Friday,20,1
2024-05-17,card,27.92,Americano,2024-05,Friday,22,2
2024-05-17,card,37.72,Latte,2024-05,Friday,22,2
2024-05-17,card,37.72,Latte,2024-05,Friday,22,2
2024-05-18,card,37.72,Cappuccino,2024-05,Saturday,8,12
2024-05-18,card,37.72,Cappuccino,2024-05,Saturday,8,12
2024-05-18,card,32.82,Americano with Milk,2024-05,Saturday,11,1
2024-05-18,card,32.82,Americano with Milk,2024-05,Saturday,16,2
2024-05-18,card,32.82,Americano with Milk,2024-05,Saturday,16,27
2024-05-18,card,32.82,Americano with Milk,2024-05,Saturday,19,22
2024-05-18,card,37.72,Latte,2024-05,Saturday,20,63
2024-05-18,cash,39.0,Cappuccino,2024-05,Saturday,22,0
2024-05-19,card,27.92,Americano,2024-05,Sunday,7,2
2024-05-19,card,27.92,Americano,2024-05,Sunday,7,2
2024-05-19,card,37.72,Cappuccino,2024-05,Sunday,8,1
2024-05-19,cash,24.0,Espresso,2024-05,Sunday,9,0
2024-05-19,card,32.82,Americano with Milk,2024-05,Sunday,12,1
2024-05-19,card,27.92,Americano,2024-05,Sunday,14,88
2024-05-19,card,32.82,Americano with Milk,2024-05,Sunday,15,1
2024-05-19,card,32.82,Americano with Milk,2024-05,Sunday,18,3
2024-05-19,card,23.02,Espresso,2024-05,Sunday,18,3
2024-05-19,card,37.72,Hot Chocolate,2024-05,Sunday,18,3
2024-05-19,card,37.72,Cappuccino,2024-05,Sunday,19,1
2024-05-19,card,37.72,Cappuccino,2024-05,Sunday,21,1
2024-05-19,card,37.72,Cappuccino,2024-05,Sunday,21,1
2024-05-20,card,32.82,Americano with Milk,2024-05,Monday,10,1
2024-05-20,card,37.72,Latte,2024-05,Monday,10,3
2024-05-20,card,37.72,Latte,2024-05,Monday,10,17
2024-05-20,card,27.92,Americano,2024-05,Monday,11,5
2024-05-20,card,27.92,Americano,2024-05,Monday,11,5
2024-05-20,card,27.92,Americano,2024-05,Monday,13,23
2024-05-20,card,27.92,Americano,2024-05,Monday,13,23
2024-05-20,card,32.82,Americano with Milk,2024-05,Monday,14,7
2024-05-20,card,37.72,Cappuccino,2024-05,Monday,14,7
2024-05-20,cash,29.0,Americano,2024-05,Monday,14,0
2024-05-20,card,37.72,Latte,2024-05,Monday,17,3
2024-05-20,card,37.72,Latte,2024-05,Monday,17,1
2024-05-20,card,32.82,Americano with Milk,2024-05,Monday,20,5
2024-05-20,card,37.72,Cocoa,2024-05,Monday,20,5
2024-05-20,card,27.92,Cortado,2024-05,Monday,20,1
2024-05-20,card,32.82,Americano with Milk,2024-05,Monday,21,88
2024-05-20,card,32.82,Americano with Milk,2024-05,Monday,21,88
2024-05-21,card,37.72,Latte,2024-05,Tuesday,8,1
2024-05-21,cash,29.0,Americano,2024-05,Tuesday,9,0
2024-05-21,cash,34.0,Americano with Milk,2024-05,Tuesday,9,0
2024-05-21,cash,39.0,Cocoa,2024-05,Tuesday,9,0
2024-05-21,cash,39.0,Latte,2024-05,Tuesday,10,0
2024-05-21,card,37.72,Latte,2024-05,Tuesday,16,2
2024-05-21,card,23.02,Espresso,2024-05,Tuesday,18,88
2024-05-21,card,37.72,Cappuccino,2024-05,Tuesday,19,1
2024-05-21,card,37.72,Cappuccino,2024-05,Tuesday,20,1
2024-05-22,card,37.72,Cappuccino,2024-05,Wednesday,9,1
2024-05-22,card,32.82,Americano with Milk,2024-05,Wednesday,10,3
2024-05-22,card,27.92,Cortado,2024-05,Wednesday,11,17
2024-05-22,card,32.82,Americano with Milk,2024-05,Wednesday,11,27
2024-05-22,card,27.92,Americano,2024-05,Wednesday,12,88
2024-05-22,card,27.92,Americano,2024-05,Wednesday,12,88
2024-05-22,card,32.82,Americano with Milk,2024-05,Wednesday,14,63
2024-05-22,card,37.72,Cappuccino,2024-05,Wednesday,19,11
2024-05-22,card,37.72,Cappuccino,2024-05,Wednesday,19,11
2024-05-22,card,37.72,Hot Chocolate,2024-05,Wednesday,21,12
2024-05-22,card,37.72,Cappuccino,2024-05,Wednesday,21,12
2024-05-23,card,37.72,Cappuccino,2024-05,Thursday,10,1
2024-05-23,card,23.02,Espresso,2024-05,Thursday,12,1
2024-05-23,card,37.72,Cappuccino,2024-05,Thursday,15,12
2024-05-23,card,37.72,Cappuccino,2024-05,Thursday,15,5
2024-05-23,card,37.72,Cappuccino,2024-05,Thursday,16,12
2024-05-23,card,37.72,Latte,2024-05,Thursday,16,5
2024-05-23,card,37.72,Cappuccino,2024-05,Thursday,17,7
2024-05-23,card,37.72,Latte,2024-05,Thursday,17,7
2024-05-23,card,27.92,Cortado,2024-05,Thursday,19,1
2024-05-23,card,37.72,Cappuccino,2024-05,Thursday,19,11
2024-05-23,card,37.72,Cappuccino,2024-05,Thursday,19,3
2024-05-23,card,37.72,Cappuccino,2024-05,Thursday,19,9
2024-05-23,card,37.72,Cappuccino,2024-05,Thursday,20,2
2024-05-23,card,37.72,Latte,2024-05,Thursday,20,2
2024-05-23,card,32.82,Americano with Milk,2024-05,Thursday,22,1
2024-05-23,cash,39.0,Hot Chocolate,2024-05,Thursday,22,0
2024-05-24,card,27.92,Cortado,2024-05,Friday,11,17
2024-05-24,card,27.92,Americano,2024-05,Friday,11,88
2024-05-24,card,27.92,Americano,2024-05,Friday,11,88
2024-05-24,card,37.72,Hot Chocolate,2024-05,Friday,16,2
2024-05-24,card,27.92,Cortado,2024-05,Friday,18,2
2024-05-24,card,27.92,Cortado,2024-05,Friday,18,2
2024-05-24,card,32.82,Americano with Milk,2024-05,Friday,22,1
2024-05-25,cash,29.0,Americano,2024-05,Saturday,7,0
2024-05-25,card,37.72,Latte,2024-05,Saturday,12,1
2024-05-25,cash,29.0,Americano,2024-05,Saturday,12,0
2024-05-25,card,32.82,Americano with Milk,2024-05,Saturday,12,2
2024-05-25,card,32.82,Americano with Milk,2024-05,Saturday,12,2
2024-05-25,card,32.82,Americano with Milk,2024-05,Saturday,12,1
2024-05-25,card,32.82,Americano with Milk,2024-05,Saturday,16,22
2024-05-25,card,27.92,Americano,2024-05,Saturday,16,22
2024-05-26,card,37.72,Latte,2024-05,Sunday,10,17
2024-05-26,card,32.82,Americano with Milk,2024-05,Sunday,14,1
2024-05-26,card,27.92,Cortado,2024-05,Sunday,14,1
2024-05-26,card,32.82,Americano with Milk,2024-05,Sunday,14,1
2024-05-26,card,37.72,Cappuccino,2024-05,Sunday,17,1
2024-05-26,card,37.72,Hot Chocolate,2024-05,Sunday,18,3
2024-05-26,card,37.72,Hot Chocolate,2024-05,Sunday,18,3
2024-05-26,card,27.92,Americano,2024-05,Sunday,18,3
2024-05-26,card,37.72,Latte,2024-05,Sunday,18,1
2024-05-26,card,37.72,Hot Chocolate,2024-05,Sunday,20,4
2024-05-26,card,37.72,Cappuccino,2024-05,Sunday,21,4
2024-05-26,card,27.92,Cortado,2024-05,Sunday,21,2
2024-05-26,card,37.72,Cappuccino,2024-05,Sunday,21,1
2024-05-26,card,37.72,Latte,2024-05,Sunday,21,2
2024-05-26,card,37.72,Cappuccino,2024-05,Sunday,21,1
2024-05-27,card,27.92,Americano,2024-05,Monday,11,88
2024-05-27,card,32.82,Americano with Milk,2024-05,Monday,14,3
2024-05-27,card,37.72,Cocoa,2024-05,Monday,14,3
2024-05-27,card,27.92,Americano,2024-05,Monday,15,3
2024-05-27,card,27.92,Americano,2024-05,Monday,15,3
2024-05-27,card,37.72,Latte,2024-05,Monday,17,5
2024-05-27,card,27.92,Americano,2024-05,Monday,18,1
2024-05-27,card,37.72,Latte,2024-05,Monday,19,1
2024-05-27,card,37.72,Latte,2024-05,Monday,19,1
2024-05-27,card,32.82,Americano with Milk,2024-05,Monday,21,7
2024-05-27,card,37.72,Cappuccino,2024-05,Monday,21,9
2024-05-28,card,32.82,Americano with Milk,2024-05,Tuesday,8,88
2024-05-28,card,32.82,Americano with Milk,2024-05,Tuesday,9,27
2024-05-28,card,37.72,Cappuccino,2024-05,Tuesday,11,1
2024-05-28,card,37.72,Cappuccino,2024-05,Tuesday,13,1
2024-05-28,card,37.72,Cocoa,2024-05,Tuesday,14,5
2024-05-28,card,27.92,Cortado,2024-05,Tuesday,16,17
2024-05-28,cash,39.0,Cappuccino,2024-05,Tuesday,17,0
2024-05-28,card,27.92,Americano,2024-05,Tuesday,19,2
2024-05-28,card,37.72,Latte,2024-05,Tuesday,19,2
2024-05-28,card,32.82,Americano with Milk,2024-05,Tuesday,20,63
2024-05-28,card,27.92,Americano,2024-05,Tuesday,20,88
2024-05-29,card,37.72,Latte,2024-05,Wednesday,9,2
2024-05-29,cash,39.0,Latte,2024-05,Wednesday,10,0
2024-05-29,card,37.72,Hot Chocolate,2024-05,Wednesday,11,1
2024-05-29,card,27.92,Americano,2024-05,Wednesday,15,1
2024-05-29,card,37.72,Latte,2024-05,Wednesday,15,1
2024-05-29,card,37.72,Cappuccino,2024-05,Wednesday,15,1
2024-05-29,card,37.72,Latte,2024-05,Wednesday,16,1
2024-05-29,card,27.92,Cortado,2024-05,Wednesday,18,2
2024-05-29,card,37.72,Latte,2024-05,Wednesday,18,2
2024-05-29,card,37.72,Hot Chocolate,2024-05,Wednesday,20,1
2024-05-29,card,37.72,Cocoa,2024-05,Wednesday,20,1
2024-05-30,card,37.72,Cappuccino,2024-05,Thursday,8,2
2024-05-30,card,37.72,Latte,2024-05,Thursday,8,2
2024-05-30,card,32.82,Americano with Milk,2024-05,Thursday,8,1
2024-05-30,card,37.72,Latte,2024-05,Thursday,9,17
2024-05-30,card,32.82,Americano with Milk,2024-05,Thursday,14,27
2024-05-30,card,23.02,Espresso,2024-05,Thursday,15,1
2024-05-30,card,23.02,Espresso,2024-05,Thursday,15,88
2024-05-30,card,37.72,Cappuccino,2024-05,Thursday,19,9
2024-05-30,card,37.72,Latte,2024-05,Thursday,20,1
2024-05-30,card,37.72,Hot Chocolate,2024-05,Thursday,20,63
2024-05-30,card,32.82,Americano with Milk,2024-05,Thursday,20,63
2024-05-31,card,32.82,Americano with Milk,2024-05,Friday,7,1
2024-05-31,card,37.72,Latte,2024-05,Friday,9,1
2024-05-31,cash,39.0,Latte,2024-05,Friday,9,0
2024-05-31,card,37.72,Hot Chocolate,2024-05,Friday,10,1
2024-05-31,card,37.72,Cocoa,2024-05,Friday,10,1
2024-05-31,card,32.82,Americano with Milk,2024-05,Friday,14,1
2024-05-31,card,37.72,Latte,2024-05,Friday,18,4
2024-05-31,card,37.72,Latte,2024-05,Friday,18,4
2024-05-31,card,37.72,Cappuccino,2024-05,Friday,20,12
2024-05-31,card,32.82,Americano with Milk,2024-05,Friday,20,11
2024-05-31,card,37.72,Latte,2024-05,Friday,20,11
2024-05-31,card,37.72,Cappuccino,2024-05,Friday,22,9
2024-05-31,card,32.82,Americano with Milk,2024-05,Friday,22,9
2024-05-31,card,27.92,Cortado,2024-05,Friday,22,9
2024-06-01,card,27.92,Cortado,2024-06,Saturday,8,17
2024-06-01,card,37.72,Latte,2024-06,Saturday,9,2
2024-06-01,card,37.72,Latte,2024-06,Saturday,11,4
2024-06-01,card,32.82,Americano with Milk,2024-06,Saturday,14,27
2024-06-01,card,32.82,Americano with Milk,2024-06,Saturday,18,2
2024-06-01,card,32.82,Americano with Milk,2024-06,Saturday,18,2
2024-06-01,card,37.72,Cappuccino,2024-06,Saturday,20,8
2024-06-01,card,37.72,Cappuccino,2024-06,Saturday,20,8
2024-06-01,cash,39.0,Cocoa,2024-06,Saturday,20,0
2024-06-01,card,37.72,Cocoa,2024-06,Saturday,20,1
2024-06-01,card,32.82,Americano with Milk,2024-06,Saturday,21,63
2024-06-02,card,37.72,Latte,2024-06,Sunday,20,63
2024-06-02,card,32.82,Americano with Milk,2024-06,Sunday,20,22
2024-06-02,card,37.72,Cappuccino,2024-06,Sunday,20,22
2024-06-02,card,32.82,Americano with Milk,2024-06,Sunday,21,27
2024-06-02,card,37.72,Latte,2024-06,Sunday,21,1
2024-06-02,cash,34.0,Americano with Milk,2024-06,Sunday,22,0
2024-06-03,card,37.72,Latte,2024-06,Monday,10,17
2024-06-03,card,37.72,Latte,2024-06,Monday,10,3
2024-06-03,card,37.72,Cappuccino,2024-06,Monday,14,4
2024-06-03,card,32.82,Americano with Milk,2024-06,Monday,14,12
2024-06-03,card,37.72,Latte,2024-06,Monday,14,63
2024-06-03,cash,34.0,Americano with Milk,2024-06,Monday,21,0
2024-06-03,cash,34.0,Americano with Milk,2024-06,Monday,21,0
2024-06-04,card,27.92,Cortado,2024-06,Tuesday,9,17
2024-06-04,card,32.82,Americano with Milk,2024-06,Tuesday,10,27
2024-06-04,card,37.72,Latte,2024-06,Tuesday,12,2
2024-06-04,card,37.72,Hot Chocolate,2024-06,Tuesday,12,2
2024-06-04,card,37.72,Latte,2024-06,Tuesday,15,1
2024-06-04,card,27.92,Cortado,2024-06,Tuesday,17,7
2024-06-04,card,37.72,Cappuccino,2024-06,Tuesday,17,7
2024-06-04,card,37.72,Hot Chocolate,2024-06,Tuesday,20,2
2024-06-04,card,37.72,Cappuccino,2024-06,Tuesday,20,3
2024-06-04,card,27.92,Cortado,2024-06,Tuesday,21,1
2024-06-04,card,32.82,Americano with Milk,2024-06,Tuesday,21,1
2024-06-04,card,32.82,Americano with Milk,2024-06,Tuesday,21,3
2024-06-04,card,32.82,Americano with Milk,2024-06,Tuesday,21,3
2024-06-04,card,32.82,Americano with Milk,2024-06,Tuesday,21,3
2024-06-05,card,37.72,Cappuccino,2024-06,Wednesday,8,2
2024-06-05,card,37.72,Cappuccino,2024-06,Wednesday,8,2
2024-06-05,card,27.92,Americano,2024-06,Wednesday,9,1
2024-06-05,card,37.72,Latte,2024-06,Wednesday,10,17
2024-06-05,card,32.82,Americano with Milk,2024-06,Wednesday,10,27
2024-06-05,card,32.82,Americano with Milk,2024-06,Wednesday,19,1
2024-06-05,card,37.72,Latte,2024-06,Wednesday,19,1
2024-06-05,card,37.72,Cocoa,2024-06,Wednesday,20,4
2024-06-05,card,27.92,Cortado,2024-06,Wednesday,20,4
2024-06-06,card,32.82,Americano with Milk,2024-06,Thursday,8,27
2024-06-06,card,32.82,Americano with Milk,2024-06,Thursday,8,27
2024-06-06,card,37.72,Latte,2024-06,Thursday,10,17
2024-06-06,card,27.92,Americano,2024-06,Thursday,12,1
2024-06-06,card,32.82,Americano with Milk,2024-06,Thursday,15,3
2024-06-06,card,37.72,Cappuccino,2024-06,Thursday,15,1
2024-06-06,card,37.72,Latte,2024-06,Thursday,21,3
2024-06-06,card,37.72,Latte,2024-06,Thursday,21,3
2024-06-06,card,37.72,Cappuccino,2024-06,Thursday,21,9
2024-06-06,card,32.82,Americano with Milk,2024-06,Thursday,21,9
2024-06-06,card,37.72,Latte,2024-06,Thursday,21,3
2024-06-07,card,37.72,Cappuccino,2024-06,Friday,8,1
2024-06-07,card,23.02,Espresso,2024-06,Friday,10,1
2024-06-07,card,32.82,Americano with Milk,2024-06,Friday,13,7
2024-06-07,card,27.92,Cortado,2024-06,Friday,16,4
2024-06-07,card,27.92,Cortado,2024-06,Friday,16,4
2024-06-08,card,27.92,Cortado,2024-06,Saturday,9,1
2024-06-08,card,32.82,Americano with Milk,2024-06,Saturday,9,27
2024-06-08,card,37.72,Cappuccino,2024-06,Saturday,20,11
2024-06-08,card,37.72,Cappuccino,2024-06,Saturday,20,11
2024-06-09,card,37.72,Latte,2024-06,Sunday,8,27
2024-06-09,card,37.72,Latte,2024-06,Sunday,10,1
2024-06-09,card,37.72,Cappuccino,2024-06,Sunday,10,1
2024-06-09,card,27.92,Cortado,2024-06,Sunday,11,17
2024-06-09,card,23.02,Espresso,2024-06,Sunday,11,3
2024-06-09,card,37.72,Cappuccino,2024-06,Sunday,11,1
2024-06-09,card,32.82,Americano with Milk,2024-06,Sunday,12,9
2024-06-09,card,37.72,Latte,2024-06,Sunday,12,9
2024-06-09,card,37.72,Latte,2024-06,Sunday,12,9
2024-06-09,card,27.92,Cortado,2024-06,Sunday,15,1
2024-06-09,card,37.72,Cappuccino,2024-06,Sunday,16,1
2024-06-09,card,32.82,Americano with Milk,2024-06,Sunday,19,1
2024-06-09,card,27.92,Americano,2024-06,Sunday,21,1
2024-06-10,card,37.72,Cappuccino,2024-06,Monday,12,1
2024-06-10,card,37.72,Latte,2024-06,Monday,12,27
2024-06-10,card,37.72,Hot Chocolate,2024-06,Monday,19,2
2024-06-10,card,37.72,Hot Chocolate,2024-06,Monday,19,2
2024-06-10,card,37.72,Latte,2024-06,Monday,19,3
2024-06-10,card,37.72,Latte,2024-06,Monday,19,3
2024-06-11,card,32.82,Americano with Milk,2024-06,Tuesday,10,1
2024-06-11,card,37.72,Latte,2024-06,Tuesday,18,2
2024-06-11,card,37.72,Latte,2024-06,Tuesday,18,2
2024-06-11,card,37.72,Hot Chocolate,2024-06,Tuesday,21,1
2024-06-11,card,32.82,Americano with Milk,2024-06,Tuesday,21,2
2024-06-11,card,32.82,Americano with Milk,2024-06,Tuesday,21,2
2024-06-12,card,37.72,Hot Chocolate,2024-06,Wednesday,10,1
2024-06-12,card,37.72,Cappuccino,2024-06,Wednesday,11,1
2024-06-12,card,37.72,Latte,2024-06,Wednesday,17,3
2024-06-12,card,37.72,Latte,2024-06,Wednesday,17,1
2024-06-12,card,37.72,Hot Chocolate,2024-06,Wednesday,20,2
2024-06-12,card,32.82,Americano with Milk,2024-06,Wednesday,20,1
2024-06-13,card,27.92,Americano,2024-06,Thursday,8,1
2024-06-13,card,37.72,Latte,2024-06,Thursday,8,27
2024-06-13,card,32.82,Americano with Milk,2024-06,Thursday,9,1
2024-06-13,card,27.92,Cortado,2024-06,Thursday,9,17
2024-06-13,card,32.82,Americano with Milk,2024-06,Thursday,17,1
2024-06-13,card,37.72,Hot Chocolate,2024-06,Thursday,17,2
2024-06-13,card,37.72,Latte,2024-06,Thursday,19,1
2024-06-13,card,32.82,Americano with Milk,2024-06,Thursday,20,88
2024-06-13,card,23.02,Espresso,2024-06,Thursday,20,88
2024-06-13,card,23.02,Espresso,2024-06,Thursday,20,2
2024-06-13,card,32.82,Americano with Milk,2024-06,Thursday,20,63
2024-06-13,card,32.82,Americano with Milk,2024-06,Thursday,21,63
2024-06-14,card,27.92,Cortado,2024-06,Friday,7,17
2024-06-14,card,27.92,Americano,2024-06,Friday,10,1
2024-06-14,card,37.72,Latte,2024-06,Friday,12,27
2024-06-14,card,32.82,Americano with Milk,2024-06,Friday,18,1
2024-06-15,card,37.72,Cappuccino,2024-06,Saturday,11,3
2024-06-15,card,37.72,Latte,2024-06,Saturday,12,5
2024-06-15,card,32.82,Americano with Milk,2024-06,Saturday,12,5
2024-06-15,card,23.02,Espresso,2024-06,Saturday,12,5
2024-06-15,card,37.72,Cocoa,2024-06,Saturday,12,5
2024-06-15,card,32.82,Americano with Milk,2024-06,Saturday,12,5
2024-06-15,card,32.82,Americano with Milk,2024-06,Saturday,16,1
2024-06-15,card,27.92,Americano,2024-06,Saturday,18,1
2024-06-16,card,32.82,Americano with Milk,2024-06,Sunday,10,12
2024-06-16,card,37.72,Latte,2024-06,Sunday,10,4
2024-06-16,card,37.72,Hot Chocolate,2024-06,Sunday,11,4
2024-06-16,card,37.72,Hot Chocolate,2024-06,Sunday,11,4
2024-06-16,card,32.82,Americano with Milk,2024-06,Sunday,12,9
2024-06-16,card,23.02,Espresso,2024-06,Sunday,14,3
2024-06-16,card,32.82,Americano with Milk,2024-06,Sunday,15,4
2024-06-16,card,32.82,Americano with Milk,2024-06,Sunday,15,4
2024-06-16,card,37.72,Hot Chocolate,2024-06,Sunday,15,1
2024-06-16,card,37.72,Hot Chocolate,2024-06,Sunday,16,1
2024-06-16,card,32.82,Americano with Milk,2024-06,Sunday,17,12
2024-06-16,card,32.82,Americano with Milk,2024-06,Sunday,17,12
2024-06-17,card,27.92,Americano,2024-06,Monday,8,1
2024-06-17,card,27.92,Cortado,2024-06,Monday,10,2
2024-06-17,card,27.92,Cortado,2024-06,Monday,10,2
2024-06-17,card,37.72,Cappuccino,2024-06,Monday,10,2
2024-06-17,card,37.72,Cappuccino,2024-06,Monday,14,7
2024-06-17,card,37.72,Cappuccino,2024-06,Monday,16,88
2024-06-17,card,37.72,Cappuccino,2024-06,Monday,16,88
2024-06-17,card,27.92,Americano,2024-06,Monday,16,88
2024-06-17,card,27.92,Americano,2024-06,Monday,18,1
2024-06-17,card,32.82,Americano with Milk,2024-06,Monday,21,63
2024-06-18,card,27.92,Americano,2024-06,Tuesday,14,3
2024-06-18,card,37.72,Cappuccino,2024-06,Tuesday,14,3
2024-06-18,card,37.72,Cappuccino,2024-06,Tuesday,19,8
2024-06-18,card,37.72,Cappuccino,2024-06,Tuesday,19,8
2024-06-18,card,27.92,Cortado,2024-06,Tuesday,20,1
2024-06-18,card,32.82,Americano with Milk,2024-06,Tuesday,21,88
2024-06-18,card,32.82,Americano with Milk,2024-06,Tuesday,21,88
2024-06-19,card,37.72,Latte,2024-06,Wednesday,7,4
2024-06-19,card,27.92,Cortado,2024-06,Wednesday,8,17
2024-06-19,card,27.92,Americano,2024-06,Wednesday,10,1
2024-06-19,card,37.72,Latte,2024-06,Wednesday,11,2
2024-06-19,card,37.72,Cocoa,2024-06,Wednesday,11,2
2024-06-19,card,32.82,Americano with Milk,2024-06,Wednesday,14,7
2024-06-19,card,37.72,Cappuccino,2024-06,Wednesday,18,7
2024-06-19,card,37.72,Latte,2024-06,Wednesday,18,7
2024-06-19,card,32.82,Americano with Milk,2024-06,Wednesday,19,63
2024-06-19,card,37.72,Cappuccino,2024-06,Wednesday,21,7
2024-06-19,card,32.82,Americano with Milk,2024-06,Wednesday,21,7
2024-06-20,card,37.72,Latte,2024-06,Thursday,10,27
2024-06-20,card,37.72,Latte,2024-06,Thursday,18,2
2024-06-20,card,37.72,Latte,2024-06,Thursday,19,2
2024-06-20,card,37.72,Latte,2024-06,Thursday,21,3
2024-06-20,card,37.72,Latte,2024-06,Thursday,21,63
2024-06-20,card,32.82,Americano with Milk,2024-06,Thursday,21,63
2024-06-21,card,37.72,Latte,2024-06,Friday,9,4
2024-06-21,card,27.92,Americano,2024-06,Friday,10,1
2024-06-21,card,32.82,Americano with Milk,2024-06,Friday,13,88
2024-06-21,card,32.82,Americano with Milk,2024-06,Friday,13,88
2024-06-21,card,23.02,Espresso,2024-06,Friday,18,1
2024-06-21,card,37.72,Latte,2024-06,Friday,19,63
2024-06-21,card,37.72,Cappuccino,2024-06,Friday,19,8
2024-06-21,card,37.72,Cappuccino,2024-06,Friday,19,8
2024-06-21,card,37.72,Cappuccino,2024-06,Friday,19,12
2024-06-21,card,37.72,Cappuccino,2024-06,Friday,19,12
2024-06-21,card,27.92,Americano,2024-06,Friday,19,12
2024-06-21,card,32.82,Americano with Milk,2024-06,Friday,19,4
2024-06-22,card,27.92,Cortado,2024-06,Saturday,8,17
2024-06-22,card,32.82,Americano with Milk,2024-06,Saturday,9,4
2024-06-22,card,32.82,Americano with Milk,2024-06,Saturday,12,1
2024-06-22,card,37.72,Latte,2024-06,Saturday,15,63
2024-06-22,card,37.72,Cappuccino,2024-06,Saturday,22,1
2024-06-23,card,32.82,Americano with Milk,2024-06,Sunday,18,88
2024-06-23,card,32.82,Americano with Milk,2024-06,Sunday,18,88
2024-06-23,card,37.72,Cappuccino,2024-06,Sunday,21,1
2024-06-23,card,37.72,Latte,2024-06,Sunday,21,2
2024-06-23,card,37.72,Cappuccino,2024-06,Sunday,21,2
2024-06-24,card,32.82,Americano with Milk,2024-06,Monday,11,7
2024-06-24,card,37.72,Cappuccino,2024-06,Monday,11,12
2024-06-24,card,37.72,Cappuccino,2024-06,Monday,11,12
2024-06-24,card,37.72,Latte,2024-06,Monday,15,1
2024-06-24,card,37.72,Cappuccino,2024-06,Monday,16,5
2024-06-24,card,37.72,Cappuccino,2024-06,Monday,16,5
2024-06-25,card,37.72,Latte,2024-06,Tuesday,8,1
2024-06-25,card,32.82,Americano with Milk,2024-06,Tuesday,10,88
2024-06-25,card,32.82,Americano with Milk,2024-06,Tuesday,10,22
2024-06-25,card,37.72,Cappuccino,2024-06,Tuesday,11,5
2024-06-26,card,37.72,Latte,2024-06,Wednesday,9,1
2024-06-26,card,23.02,Espresso,2024-06,Wednesday,16,1
2024-06-26,card,27.92,Americano,2024-06,Wednesday,16,1
2024-06-26,card,37.72,Latte,2024-06,Wednesday,21,63
2024-06-26,card,37.72,Cappuccino,2024-06,Wednesday,21,63
2024-06-26,card,32.82,Americano with Milk,2024-06,Wednesday,21,9
2024-06-27,card,32.82,Americano with Milk,2024-06,Thursday,9,1
2024-06-27,card,27.92,Cortado,2024-06,Thursday,16,1
2024-06-27,card,32.82,Americano with Milk,2024-06,Thursday,21,4
2024-06-27,card,37.72,Cappuccino,2024-06,Thursday,21,2
2024-06-28,card,27.92,Cortado,2024-06,Friday,8,17
2024-06-28,card,23.02,Espresso,2024-06,Friday,17,3
2024-06-28,card,32.82,Americano with Milk,2024-06,Friday,21,1
2024-06-28,card,37.72,Latte,2024-06,Friday,21,1
2024-06-28,card,37.72,Cappuccino,2024-06,Friday,22,1
2024-06-29,card,32.82,Americano with Milk,2024-06,Saturday,9,27
2024-06-29,card,32.82,Americano with Milk,2024-06,Saturday,11,3
2024-06-29,card,32.82,Americano with Milk,2024-06,Saturday,11,3
2024-06-29,card,37.72,Cappuccino,2024-06,Saturday,12,2
2024-06-29,card,37.72,Cappuccino,2024-06,Saturday,12,2
2024-06-29,card,37.72,Cappuccino,2024-06,Saturday,17,2
2024-06-29,card,37.72,Hot Chocolate,2024-06,Saturday,17,2
2024-06-29,card,37.72,Latte,2024-06,Saturday,21,63
2024-06-30,card,37.72,Latte,2024-06,Sunday,10,1
2024-06-30,card,23.02,Espresso,2024-06,Sunday,13,1
2024-06-30,card,37.72,Hot Chocolate,2024-06,Sunday,16,63
2024-06-30,card,32.82,Americano with Milk,2024-06,Sunday,21,27
2024-07-01,card,23.02,Espresso,2024-07,Monday,18,88
2024-07-01,card,37.72,Cappuccino,2024-07,Monday,18,1
2024-07-01,card,37.72,Cappuccino,2024-07,Monday,18,3
2024-07-02,card,32.82,Americano with Milk,2024-07,Tuesday,10,4
2024-07-02,card,27.92,Americano,2024-07,Tuesday,10,4
2024-07-02,card,37.72,Latte,2024-07,Tuesday,12,7
2024-07-02,card,27.92,Americano,2024-07,Tuesday,14,1
2024-07-02,card,32.82,Americano with Milk,2024-07,Tuesday,16,1
2024-07-02,card,32.82,Americano with Milk,2024-07,Tuesday,22,2
2024-07-03,card,32.82,Americano with Milk,2024-07,Wednesday,13,88
2024-07-03,card,37.72,Cappuccino,2024-07,Wednesday,16,1
2024-07-03,card,37.72,Cappuccino,2024-07,Wednesday,16,1
2024-07-03,card,32.82,Americano with Milk,2024-07,Wednesday,16,4
2024-07-03,card,32.82,Americano with Milk,2024-07,Wednesday,16,1
2024-07-03,card,37.72,Latte,2024-07,Wednesday,16,4
2024-07-03,card,23.02,Espresso,2024-07,Wednesday,16,1
2024-07-03,card,37.72,Cappuccino,2024-07,Wednesday,17,1
2024-07-03,card,37.72,Latte,2024-07,Wednesday,19,63
2024-07-04,card,32.82,Americano with Milk,2024-07,Thursday,10,5
2024-07-04,card,27.92,Americano,2024-07,Thursday,10,88
2024-07-05,card,37.72,Cocoa,2024-07,Friday,12,2
2024-07-05,card,32.82,Americano with Milk,2024-07,Friday,13,22
2024-07-05,card,32.82,Americano with Milk,2024-07,Friday,13,2
2024-07-05,card,23.02,Espresso,2024-07,Friday,18,1
2024-07-05,card,27.92,Americano,2024-07,Friday,19,4
2024-07-05,card,23.02,Espresso,2024-07,Friday,22,1
2024-07-05,card,27.92,Americano,2024-07,Friday,22,2
2024-07-05,card,27.92,Americano,2024-07,Friday,22,2
2024-07-05,card,37.72,Cappuccino,2024-07,Friday,22,2
2024-07-05,card,32.82,Americano with Milk,2024-07,Friday,22,2
2024-07-06,card,37.72,Latte,2024-07,Saturday,10,1
2024-07-06,card,32.82,Latte,2024-07,Saturday,17,63
2024-07-06,card,32.82,Latte,2024-07,Saturday,17,63
2024-07-06,card,32.82,Latte,2024-07,Saturday,19,88
2024-07-06,card,27.92,Americano with Milk,2024-07,Saturday,19,88
2024-07-07,card,32.82,Cappuccino,2024-07,Sunday,9,4
2024-07-07,card,27.92,Americano with Milk,2024-07,Sunday,9,2
2024-07-07,card,27.92,Americano with Milk,2024-07,Sunday,9,2
2024-07-07,card,32.82,Cappuccino,2024-07,Sunday,9,2
2024-07-07,card,32.82,Cappuccino,2024-07,Sunday,9,2
2024-07-07,card,32.82,Hot Chocolate,2024-07,Sunday,14,2
2024-07-07,card,32.82,Cocoa,2024-07,Sunday,14,2
2024-07-07,card,32.82,Latte,2024-07,Sunday,17,1
2024-07-07,card,32.82,Cappuccino,2024-07,Sunday,19,1
2024-07-07,card,32.82,Hot Chocolate,2024-07,Sunday,20,1
2024-07-07,card,27.92,Americano with Milk,2024-07,Sunday,22,1
2024-07-08,card,32.82,Latte,2024-07,Monday,7,1
2024-07-08,card,23.02,Americano,2024-07,Monday,12,1
2024-07-08,card,23.02,Americano,2024-07,Monday,14,1
2024-07-08,card,27.92,Americano with Milk,2024-07,Monday,19,1
2024-07-08,card,32.82,Latte,2024-07,Monday,22,7
2024-07-09,card,27.92,Americano with Milk,2024-07,Tuesday,10,3
2024-07-09,card,27.92,Americano with Milk,2024-07,Tuesday,10,9
2024-07-09,card,27.92,Americano with Milk,2024-07,Tuesday,11,5
2024-07-09,card,32.82,Cappuccino,2024-07,Tuesday,11,5
2024-07-09,card,27.92,Americano with Milk,2024-07,Tuesday,16,1
2024-07-10,card,23.02,Americano,2024-07,Wednesday,11,3
2024-07-10,card,27.92,Americano with Milk,2024-07,Wednesday,12,1
2024-07-10,card,32.82,Latte,2024-07,Wednesday,22,4
2024-07-11,card,32.82,Hot Chocolate,2024-07,Thursday,11,3
2024-07-11,card,27.92,Americano with Milk,2024-07,Thursday,16,1
2024-07-11,card,32.82,Latte,2024-07,Thursday,22,1
2024-07-11,card,23.02,Americano,2024-07,Thursday,22,1
2024-07-12,card,23.02,Cortado,2024-07,Friday,8,1
2024-07-12,card,32.82,Hot Chocolate,2024-07,Friday,11,1
2024-07-12,card,32.82,Hot Chocolate,2024-07,Friday,22,2
2024-07-12,card,32.82,Hot Chocolate,2024-07,Friday,22,2
2024-07-12,card,32.82,Hot Chocolate,2024-07,Friday,22,2
2024-07-13,card,32.82,Latte,2024-07,Saturday,10,3
2024-07-13,card,32.82,Latte,2024-07,Saturday,11,3
2024-07-14,card,23.02,Americano,2024-07,Sunday,10,3
2024-07-14,card,27.92,Americano with Milk,2024-07,Sunday,10,3
2024-07-14,card,32.82,Cappuccino,2024-07,Sunday,10,3
2024-07-14,card,32.82,Latte,2024-07,Sunday,10,1
2024-07-14,card,23.02,Americano,2024-07,Sunday,11,6
2024-07-14,card,32.82,Latte,2024-07,Sunday,22,1
2024-07-15,card,32.82,Cappuccino,2024-07,Monday,7,1
2024-07-16,card,27.92,Americano with Milk,2024-07,Tuesday,12,1
2024-07-16,card,32.82,Hot Chocolate,2024-07,Tuesday,19,3
2024-07-17,card,27.92,Americano with Milk,2024-07,Wednesday,13,3
2024-07-18,card,27.92,Americano with Milk,2024-07,Thursday,11,1
2024-07-18,card,18.12,Espresso,2024-07,Thursday,11,1
2024-07-18,card,23.02,Americano,2024-07,Thursday,11,12
2024-07-18,card,23.02,Americano,2024-07,Thursday,11,12
2024-07-18,card,23.02,Cortado,2024-07,Thursday,11,12
2024-07-18,card,32.82,Latte,2024-07,Thursday,13,6
2024-07-18,card,32.82,Cappuccino,2024-07,Thursday,18,1
2024-07-18,card,32.82,Latte,2024-07,Thursday,19,63
2024-07-18,card,32.82,Hot Chocolate,2024-07,Thursday,21,2
2024-07-18,card,32.82,Latte,2024-07,Thursday,21,2
2024-07-18,card,32.82,Latte,2024-07,Thursday,21,7
2024-07-19,card,23.02,Americano,2024-07,Friday,11,6
2024-07-19,card,27.92,Americano with Milk,2024-07,Friday,11,5
2024-07-19,card,32.82,Latte,2024-07,Friday,12,2
2024-07-19,card,27.92,Americano with Milk,2024-07,Friday,12,2
2024-07-19,card,32.82,Latte,2024-07,Friday,14,7
2024-07-19,card,32.82,Cocoa,2024-07,Friday,14,7
2024-07-19,card,32.82,Latte,2024-07,Friday,16,7
2024-07-19,card,32.82,Latte,2024-07,Friday,16,7
2024-07-20,card,23.02,Americano,2024-07,Saturday,8,3
2024-07-20,card,32.82,Latte,2024-07,Saturday,8,3
2024-07-20,card,23.02,Americano,2024-07,Saturday,8,3
2024-07-20,card,32.82,Latte,2024-07,Saturday,9,3
2024-07-20,card,32.82,Latte,2024-07,Saturday,9,1
2024-07-20,card,23.02,Americano,2024-07,Saturday,10,1
2024-07-20,card,32.82,Latte,2024-07,Saturday,15,1
2024-07-21,card,32.82,Cocoa,2024-07,Sunday,10,3
2024-07-21,card,32.82,Cappuccino,2024-07,Sunday,11,1
2024-07-21,card,23.02,Cortado,2024-07,Sunday,13,1
2024-07-21,card,32.82,Latte,2024-07,Sunday,13,1
2024-07-22,card,23.02,Americano,2024-07,Monday,8,6
2024-07-22,card,23.02,Americano,2024-07,Monday,8,2
2024-07-22,card,27.92,Americano with Milk,2024-07,Monday,10,5
2024-07-22,card,32.82,Latte,2024-07,Monday,16,1
2024-07-23,card,32.82,Latte,2024-07,Tuesday,8,2
2024-07-23,card,23.02,Americano,2024-07,Tuesday,8,2
2024-07-23,card,27.92,Americano with Milk,2024-07,Tuesday,8,1
2024-07-23,card,32.82,Cocoa,2024-07,Tuesday,8,1
2024-07-23,card,32.82,Latte,2024-07,Tuesday,8,3
2024-07-23,card,23.02,Americano,2024-07,Tuesday,9,6
2024-07-23,card,27.92,Americano with Milk,2024-07,Tuesday,10,1
2024-07-23,card,27.92,Americano with Milk,2024-07,Tuesday,15,2
2024-07-23,card,32.82,Latte,2024-07,Tuesday,15,2
2024-07-23,card,32.82,Latte,2024-07,Tuesday,21,63
2024-07-23,card,23.02,Americano,2024-07,Tuesday,21,88
2024-07-23,card,23.02,Americano,2024-07,Tuesday,21,88
2024-07-24,card,27.92,Americano with Milk,2024-07,Wednesday,9,27
2024-07-24,card,27.92,Americano with Milk,2024-07,Wednesday,9,5
2024-07-24,card,18.12,Espresso,2024-07,Wednesday,9,1
2024-07-24,card,32.82,Cappuccino,2024-07,Wednesday,11,3
2024-07-24,card,32.82,Latte,2024-07,Wednesday,13,3
2024-07-24,card,18.12,Espresso,2024-07,Wednesday,14,88
2024-07-24,card,32.82,Latte,2024-07,Wednesday,15,63
2024-07-24,card,32.82,Cappuccino,2024-07,Wednesday,19,3
2024-07-24,card,32.82,Cappuccino,2024-07,Wednesday,19,3
2024-07-24,card,27.92,Americano with Milk,2024-07,Wednesday,21,22
2024-07-24,card,23.02,Americano,2024-07,Wednesday,21,22
2024-07-24,card,23.02,Americano,2024-07,Wednesday,21,88
2024-07-25,card,23.02,Americano,2024-07,Thursday,7,88
2024-07-25,card,32.82,Latte,2024-07,Thursday,8,3
2024-07-25,card,27.92,Americano with Milk,2024-07,Thursday,10,5
2024-07-25,card,23.02,Americano,2024-07,Thursday,11,6
2024-07-25,card,32.82,Cappuccino,2024-07,Thursday,15,1
2024-07-25,card,32.82,Cappuccino,2024-07,Thursday,19,3
2024-07-25,card,23.02,Cortado,2024-07,Thursday,21,2
2024-07-25,card,18.12,Espresso,2024-07,Thursday,21,2
2024-07-25,card,23.02,Cortado,2024-07,Thursday,22,4
2024-07-25,card,32.82,Cocoa,2024-07,Thursday,22,1
2024-07-26,card,32.82,Latte,2024-07,Friday,8,1
2024-07-26,card,27.92,Americano with Milk,2024-07,Friday,9,27
2024-07-26,card,18.12,Espresso,2024-07,Friday,9,12
2024-07-26,card,23.02,Cortado,2024-07,Friday,9,2
2024-07-26,card,23.02,Cortado,2024-07,Friday,9,2
2024-07-26,card,32.82,Latte,2024-07,Friday,9,2
2024-07-26,card,32.82,Latte,2024-07,Friday,10,2
2024-07-26,card,27.92,Americano with Milk,2024-07,Friday,11,5
2024-07-26,card,27.92,Americano with Milk,2024-07,Friday,12,3
2024-07-26,card,32.82,Cappuccino,2024-07,Friday,12,3
2024-07-26,card,32.82,Cappuccino,2024-07,Friday,12,3
2024-07-26,card,32.82,Latte,2024-07,Friday,13,1
2024-07-26,card,23.02,Americano,2024-07,Friday,17,1
2024-07-26,card,32.82,Cappuccino,2024-07,Friday,17,1
2024-07-26,card,32.82,Latte,2024-07,Friday,21,63
2024-07-26,card,27.92,Americano with Milk,2024-07,Friday,22,1
2024-07-27,card,32.82,Cappuccino,2024-07,Saturday,9,27
2024-07-27,card,27.92,Americano with Milk,2024-07,Saturday,11,1
2024-07-27,card,27.92,Americano with Milk,2024-07,Saturday,12,12
2024-07-27,card,18.12,Espresso,2024-07,Saturday,12,22
2024-07-27,card,27.92,Americano with Milk,2024-07,Saturday,12,12
2024-07-27,card,18.12,Espresso,2024-07,Saturday,14,3
2024-07-27,card,32.82,Latte,2024-07,Saturday,14,5
2024-07-27,card,32.82,Cappuccino,2024-07,Saturday,17,1
2024-07-27,card,32.82,Cappuccino,2024-07,Saturday,17,1
2024-07-27,card,27.92,Americano with Milk,2024-07,Saturday,17,2
2024-07-27,card,27.92,Americano with Milk,2024-07,Saturday,17,2
2024-07-27,card,32.82,Latte,2024-07,Saturday,20,63
2024-07-27,card,32.82,Cappuccino,2024-07,Saturday,22,1
2024-07-28,card,18.12,Espresso,2024-07,Sunday,11,88
2024-07-28,card,27.92,Americano with Milk,2024-07,Sunday,14,9
2024-07-28,card,32.82,Latte,2024-07,Sunday,14,9
2024-07-29,card,32.82,Latte,2024-07,Monday,8,1
2024-07-29,card,23.02,Americano,2024-07,Monday,9,88
2024-07-29,card,27.92,Americano with Milk,2024-07,Monday,9,27
2024-07-29,card,23.02,Americano,2024-07,Monday,9,23
2024-07-29,card,27.92,Americano with Milk,2024-07,Monday,9,1
2024-07-29,card,32.82,Cappuccino,2024-07,Monday,9,1
2024-07-29,card,32.82,Hot Chocolate,2024-07,Monday,10,2
2024-07-29,card,32.82,Hot Chocolate,2024-07,Monday,10,2
2024-07-29,card,32.82,Cappuccino,2024-07,Monday,19,1
2024-07-29,card,23.02,Americano,2024-07,Monday,19,4
2024-07-29,card,32.82,Cocoa,2024-07,Monday,21,4
2024-07-30,card,27.92,Americano with Milk,2024-07,Tuesday,7,2
2024-07-30,card,23.02,Cortado,2024-07,Tuesday,8,1
2024-07-30,card,32.82,Cappuccino,2024-07,Tuesday,8,1
2024-07-30,card,27.92,Americano with Milk,2024-07,Tuesday,9,27
2024-07-30,card,23.02,Cortado,2024-07,Tuesday,10,17
2024-07-30,card,27.92,Americano with Milk,2024-07,Tuesday,10,9
2024-07-30,card,32.82,Latte,2024-07,Tuesday,10,4
2024-07-30,card,23.02,Americano,2024-07,Tuesday,11,2
2024-07-30,card,18.12,Espresso,2024-07,Tuesday,11,2
2024-07-30,card,27.92,Americano with Milk,2024-07,Tuesday,11,1
2024-07-30,card,27.92,Americano with Milk,2024-07,Tuesday,11,1
2024-07-30,card,27.92,Americano with Milk,2024-07,Tuesday,11,1
2024-07-30,card,27.92,Americano with Milk,2024-07,Tuesday,11,1
2024-07-30,card,32.82,Latte,2024-07,Tuesday,12,1
2024-07-30,card,27.92,Americano with Milk,2024-07,Tuesday,15,1
2024-07-30,card,23.02,Cortado,2024-07,Tuesday,16,2
2024-07-30,card,27.92,Americano with Milk,2024-07,Tuesday,16,2
2024-07-30,card,18.12,Espresso,2024-07,Tuesday,20,1
2024-07-30,card,27.92,Americano with Milk,2024-07,Tuesday,20,27
2024-07-30,card,27.92,Americano with Milk,2024-07,Tuesday,20,27
2024-07-30,card,27.92,Americano with Milk,2024-07,Tuesday,20,2
2024-07-30,card,32.82,Latte,2024-07,Tuesday,21,1
2024-07-30,card,23.02,Americano,2024-07,Tuesday,22,2
2024-07-30,card,32.82,Cappuccino,2024-07,Tuesday,22,2
2024-07-31,card,27.92,Americano with Milk,2024-07,Wednesday,7,2
2024-07-31,card,27.92,Americano with Milk,2024-07,Wednesday,8,2
2024-07-31,card,27.92,Americano with Milk,2024-07,Wednesday,8,2
2024-07-31,card,23.02,Americano,2024-07,Wednesday,9,3
2024-07-31,card,23.02,Americano,2024-07,Wednesday,9,3
2024-07-31,card,27.92,Americano with Milk,2024-07,Wednesday,9,9
2024-07-31,card,32.82,Cocoa,2024-07,Wednesday,13,7
2024-07-31,card,32.82,Latte,2024-07,Wednesday,13,7
2024-07-31,card,27.92,Americano with Milk,2024-07,Wednesday,13,1
2024-07-31,card,23.02,Cortado,2024-07,Wednesday,17,1
2024-07-31,card,32.82,Latte,2024-07,Wednesday,18,1
2024-07-31,card,23.02,Cortado,2024-07,Wednesday,19,1
2024-07-31,card,32.82,Latte,2024-07,Wednesday,19,63
2024-07-31,card,32.82,Cocoa,2024-07,Wednesday,20,1
2024-07-31,card,23.02,Cortado,2024-07,Wednesday,20,3
2024-07-31,card,32.82,Latte,2024-07,Wednesday,20,3
2024-07-31,card,32.82,Cappuccino,2024-07,Wednesday,20,7
2024-07-31,card,23.02,Cortado,2024-07,Wednesday,20,3
2024-07-31,card,27.92,Americano with Milk,2024-07,Wednesday,20,22
2024-07-31,card,32.82,Latte,2024-07,Wednesday,21,1
2024-07-31,card,32.82,Latte,2024-07,Wednesday,21,1
2024-07-31,card,32.82,Latte,2024-07,Wednesday,21,1
