hours,customer_frequency,is_weekend,cash_type_card,cash_type_cash,coffee_name_Americano,coffee_name_Americano with Milk,coffee_name_Cappuccino,coffee_name_Cocoa,coffee_name_Cortado,coffee_name_Espresso,coffee_name_Hot Chocolate,coffee_name_Latte,month_2024-03,month_2024-04,month_2024-05,month_2024-06,month_2024-07,day_Friday,day_Monday,day_Saturday,day_Sunday,day_Thursday,day_Tuesday,day_Wednesday,actual_money,predicted_money
22,1,1,True,False,False,False,False,False,False,False,False,True,False,False,False,False,True,False,False,False,True,False,False,False,32.82,32.86900000000005
11,2,0,True,False,False,False,False,True,False,False,False,False,False,False,False,True,False,False,False,False,False,False,False,True,37.72,37.71999999999992
11,2,0,True,False,False,False,False,False,False,False,True,False,True,False,False,False,False,False,False,False,False,False,False,True,38.7,38.69999999999993
20,11,0,True,False,False,False,False,False,False,False,False,True,False,False,True,False,False,True,False,False,False,False,False,False,37.72,37.71999999999992
20,63,1,True,False,False,False,False,False,False,False,False,True,False,False,False,False,True,False,False,True,False,False,False,False,32.82,32.86900000000005
14,7,0,True,False,False,True,False,False,False,False,False,False,False,False,False,True,False,False,False,False,False,False,False,True,32.82,32.82000000000005
10,17,1,True,False,False,False,False,False,False,False,False,True,False,True,False,False,False,False,False,False,True,False,False,False,37.72,38.48439999999993
13,23,0,True,False,False,False,False,False,True,False,False,False,False,True,False,False,False,False,True,False,False,False,False,False,27.92,28.09640000000004
10,1,1,True,False,False,False,False,False,False,False,False,True,True,False,False,False,False,False,False,True,False,False,False,False,38.7,38.69999999999993
20,63,0,True,False,False,True,False,False,False,False,False,False,False,False,True,False,False,False,False,False,False,False,True,False,32.82,32.82000000000005
21,22,0,True,False,True,False,False,False,False,False,False,False,False,False,False,False,True,False,False,False,False,False,False,True,23.02,23.215999999999987
8,2,0,True,False,False,False,False,False,False,False,False,True,False,False,False,False,True,False,False,False,False,False,True,False,32.82,32.86900000000005
13,88,0,True,False,True,False,False,False,False,False,False,False,False,True,False,False,False,False,False,False,False,False,False,True,28.9,28.207956666666703
13,17,0,True,False,False,True,False,False,False,False,False,False,False,True,False,False,False,False,True,False,False,False,False,False,32.82,33.741200000000056
21,63,0,True,False,False,False,True,False,False,False,False,False,False,False,False,True,False,False,False,False,False,False,False,True,37.72,37.71999999999992
16,6,0,True,False,False,False,False,False,False,False,False,True,False,True,False,False,False,False,False,False,False,True,False,False,38.7,38.63139999999993
17,12,1,True,False,False,True,False,False,False,False,False,False,False,False,False,True,False,False,False,False,True,False,False,False,32.82,32.82000000000005
11,88,0,True,False,False,False,False,False,False,True,False,False,False,False,True,False,False,False,False,False,False,False,False,True,23.02,23.16739999999999
10,9,0,True,False,False,True,False,False,False,False,False,False,False,True,False,False,False,False,True,False,False,False,False,False,33.8,33.67260000000005
17,9,0,True,False,False,True,False,False,False,False,False,False,False,True,False,False,False,False,True,False,False,False,False,False,33.8,33.58440000000005
12,5,1,True,False,False,True,False,False,False,False,False,False,False,False,False,True,False,False,False,True,False,False,False,False,32.82,32.82000000000005
14,7,0,True,False,False,False,True,False,False,False,False,False,False,False,True,False,False,False,True,False,False,False,False,False,37.72,37.719999999999914
21,3,0,True,False,False,False,False,False,False,False,False,True,False,False,False,True,False,False,False,False,False,True,False,False,37.72,37.71999999999992
13,2,1,True,False,False,False,True,False,False,False,False,False,True,False,False,False,False,False,False,True,False,False,False,False,38.7,38.69999999999993
14,88,0,True,False,False,False,False,False,True,False,False,False,False,False,True,False,False,False,False,False,False,False,False,True,27.92,27.949400000000036
20,8,1,True,False,False,False,True,False,False,False,False,False,False,False,False,True,False,False,False,True,False,False,False,False,37.72,37.71999999999992
12,2,0,True,False,False,False,False,False,False,False,False,True,False,False,False,True,False,False,False,False,False,False,True,False,37.72,37.71999999999992
12,1,0,True,False,False,True,False,False,False,False,False,False,False,False,True,False,False,False,False,False,False,True,False,False,32.82,32.82000000000005
12,2,1,True,False,False,True,False,False,False,False,False,False,False,True,False,False,False,False,False,True,False,False,False,False,33.8,33.486400000000046
16,7,0,True,False,False,False,False,False,False,False,False,True,False,False,False,False,True,True,False,False,False,False,False,False,32.82,33.06500000000005
12,1,0,True,False,False,False,True,False,False,False,False,False,False,False,True,False,False,False,False,False,False,True,False,False,37.72,37.71999999999992
13,12,0,True,False,False,False,False,False,True,False,False,False,True,False,False,False,False,False,False,False,False,False,True,False,28.9,28.911000000000048
10,1,1,True,False,False,False,False,False,False,False,False,True,False,False,False,True,False,False,False,False,True,False,False,False,37.72,37.71999999999992
7,2,0,True,False,False,True,False,False,False,False,False,False,False,False,False,False,True,False,False,False,False,False,False,True,27.92,27.92000000000004
14,5,0,True,False,True,False,False,False,False,False,False,False,True,False,False,False,False,True,False,False,False,False,False,False,28.9,28.90000000000005
21,1,0,True,False,False,False,False,False,False,False,False,True,False,False,False,False,True,False,False,False,False,False,False,True,32.82,32.86900000000005
20,3,0,True,False,False,False,False,False,False,False,False,True,False,False,False,False,True,False,False,False,False,False,False,True,32.82,33.11400000000003
18,2,0,True,False,False,False,False,False,False,False,False,True,False,False,False,True,False,False,False,False,False,False,True,False,37.72,37.71999999999992
8,2,0,True,False,False,True,False,False,False,False,False,False,False,False,False,False,True,False,False,False,False,False,False,True,27.92,27.92000000000004
11,5,0,True,False,True,False,False,False,False,False,False,False,False,False,True,False,False,False,True,False,False,False,False,False,27.92,27.92000000000004
16,2,0,True,False,True,False,False,False,False,False,False,False,True,False,False,False,False,False,True,False,False,False,False,False,28.9,28.90000000000005
14,2,0,True,False,False,False,True,False,False,False,False,False,True,False,False,False,False,False,False,False,False,False,False,True,38.7,38.69999999999993
21,2,0,True,False,False,True,False,False,False,False,False,False,False,False,False,True,False,False,False,False,False,False,True,False,32.82,32.82000000000005
16,2,0,True,False,False,False,False,False,True,False,False,False,True,False,False,False,False,False,True,False,False,False,False,False,28.9,28.606000000000048
14,12,0,True,False,False,True,False,False,False,False,False,False,False,True,False,False,False,False,False,False,False,False,True,False,32.82,33.515800000000056
11,3,1,True,False,False,False,True,False,False,False,False,False,False,False,False,True,False,False,False,True,False,False,False,False,37.72,37.71999999999992
10,0,0,False,True,False,False,False,False,False,False,False,True,False,False,True,False,False,False,False,False,False,False,True,False,39.0,39.01
20,5,0,True,False,False,False,False,True,False,False,False,False,False,False,True,False,False,False,True,False,False,False,False,False,37.72,37.71999999999992
10,4,1,True,False,False,False,False,False,False,False,False,True,False,False,False,True,False,False,False,False,True,False,False,False,37.72,37.71999999999992
18,3,1,True,False,False,False,False,False,False,True,False,False,False,False,True,False,False,False,False,False,True,False,False,False,23.02,23.098399999999987
14,88,1,True,False,True,False,False,False,False,False,False,False,False,True,False,False,False,False,False,False,True,False,False,False,28.9,27.972266666666705
16,5,0,True,False,False,False,False,False,False,False,False,True,False,False,True,False,False,False,False,False,False,True,False,False,37.72,37.71999999999992
14,7,0,True,False,False,True,False,False,False,False,False,False,False,False,True,False,False,False,True,False,False,False,False,False,32.82,32.82000000000005
11,88,0,True,False,True,False,False,False,False,False,False,False,False,False,True,False,False,False,False,False,False,False,False,True,27.92,27.929800000000043
14,63,1,True,False,False,True,False,False,False,False,False,False,True,False,False,False,False,False,False,True,False,False,False,False,33.8,33.800000000000054
15,5,0,True,False,False,True,False,False,False,False,False,False,True,False,False,False,False,False,False,False,False,True,False,False,33.8,33.800000000000054
8,88,0,True,False,False,True,False,False,False,False,False,False,False,False,True,False,False,False,False,False,False,False,True,False,32.82,32.82000000000005
19,8,0,True,False,False,False,True,False,False,False,False,False,False,False,False,True,False,True,False,False,False,False,False,False,37.72,37.719999999999914
18,63,0,True,False,False,True,False,False,False,False,False,False,False,True,False,False,False,True,False,False,False,False,False,False,33.8,33.64320000000005
18,2,1,True,False,False,True,False,False,False,False,False,False,False,True,False,False,False,False,False,False,True,False,False,False,33.8,33.212000000000046
16,1,0,True,False,False,True,False,False,False,False,False,False,False,False,False,False,True,False,False,False,False,False,False,True,32.82,28.65500000000004
14,4,0,True,False,False,False,True,False,False,False,False,False,False,True,False,False,False,False,False,False,False,False,True,False,37.72,38.50399999999993
11,5,0,True,False,False,False,True,False,False,False,False,False,False,False,False,True,False,False,False,False,False,False,True,False,37.72,37.71999999999992
17,0,1,False,True,False,False,False,False,False,False,False,True,False,False,True,False,False,False,False,True,False,False,False,False,39.0,39.0
12,2,1,True,False,False,True,False,False,False,False,False,False,False,True,False,False,False,False,False,True,False,False,False,False,33.8,33.486400000000046
8,6,0,True,False,True,False,False,False,False,False,False,False,False,False,False,False,True,False,True,False,False,False,False,False,23.02,23.06899999999999
10,27,0,True,False,False,True,False,False,False,False,False,False,False,False,False,True,False,False,False,False,False,False,False,True,32.82,32.82000000000005
10,1,1,True,False,True,False,False,False,False,False,False,False,False,False,False,False,True,False,False,True,False,False,False,False,23.02,23.656999999999993
19,4,0,True,False,True,False,False,False,False,False,False,False,False,False,False,False,True,True,False,False,False,False,False,False,27.92,25.274000000000004
18,1,0,True,False,False,False,False,False,False,True,False,False,False,False,False,False,True,True,False,False,False,False,False,False,23.02,23.049399999999988
16,1,0,True,False,False,True,False,False,False,False,False,False,False,False,False,False,True,False,False,False,False,False,True,False,32.82,27.92000000000004
11,3,0,True,False,False,False,False,False,True,False,False,False,True,False,False,False,False,False,True,False,False,False,False,False,28.9,28.606000000000048
10,3,1,True,False,False,True,False,False,False,False,False,False,False,False,False,False,True,False,False,False,True,False,False,False,27.92,27.969000000000037
17,88,0,True,False,False,False,False,False,True,False,False,False,True,False,False,False,False,False,False,False,False,True,False,False,28.9,28.90000000000005
15,6,1,True,False,False,False,True,False,False,False,False,False,False,True,False,False,False,False,False,False,True,False,False,False,38.7,38.44519999999993
14,1,0,True,False,False,False,False,False,False,True,False,False,True,False,False,False,False,False,True,False,False,False,False,False,24.0,24.1302
16,5,0,True,False,False,False,True,False,False,False,False,False,False,False,False,True,False,False,True,False,False,False,False,False,37.72,37.719999999999914
14,2,0,True,False,False,False,False,False,True,False,False,False,False,True,False,False,False,True,False,False,False,False,False,False,28.9,28.390400000000046
12,1,1,True,False,False,False,False,False,False,False,False,True,False,False,True,False,False,False,False,True,False,False,False,False,37.72,37.71999999999992
14,1,0,True,False,False,True,False,False,False,False,False,False,True,False,False,False,False,False,False,False,False,False,False,True,33.8,33.800000000000054
18,6,0,True,False,False,False,False,True,False,False,False,False,False,True,False,False,False,False,False,False,False,False,True,False,38.7,38.415799999999926
15,88,0,True,False,False,False,False,False,False,True,False,False,False,False,True,False,False,False,False,False,False,True,False,False,23.02,23.078799999999987
15,5,0,True,False,False,False,True,False,False,False,False,False,False,False,True,False,False,False,False,False,False,True,False,False,37.72,37.719999999999914
16,12,0,True,False,False,True,False,False,False,False,False,False,True,False,False,False,False,False,False,False,False,True,False,False,33.8,33.800000000000054
17,1,1,True,False,False,False,True,False,False,False,False,False,False,False,False,False,True,False,False,True,False,False,False,False,32.82,33.016000000000034
13,88,0,True,False,True,False,False,False,False,False,False,False,True,False,False,False,False,False,False,False,False,True,False,False,28.9,28.88040000000005
20,22,1,True,False,False,False,True,False,False,False,False,False,False,False,False,True,False,False,False,False,True,False,False,False,37.72,37.71999999999992
18,1,0,True,False,True,False,False,False,False,False,False,False,False,False,False,True,False,False,True,False,False,False,False,False,27.92,27.93960000000004
11,7,0,True,False,False,True,False,False,False,False,False,False,False,False,True,False,False,False,True,False,False,False,False,False,32.82,32.82000000000005
17,7,0,True,False,False,False,True,False,False,False,False,False,False,False,True,False,False,False,False,False,False,False,True,False,37.72,37.719999999999914
11,3,1,True,False,False,False,False,False,False,True,False,False,False,False,False,True,False,False,False,False,True,False,False,False,23.02,23.118199999999987
21,1,1,True,False,False,False,True,False,False,False,False,False,False,False,True,False,False,False,False,False,True,False,False,False,37.72,37.71999999999992
18,88,0,True,False,False,False,False,False,False,True,False,False,False,False,False,False,True,False,True,False,False,False,False,False,23.02,23.33639999999999
19,2,0,True,False,False,False,False,False,False,False,False,True,False,False,True,False,False,False,False,False,False,False,True,False,37.72,37.71999999999992
19,63,0,True,False,False,True,False,False,False,False,False,False,True,False,False,False,False,True,False,False,False,False,False,False,33.8,33.800000000000054
21,22,0,True,False,False,True,False,False,False,False,False,False,False,False,False,False,True,False,False,False,False,False,False,True,27.92,28.65500000000004
11,3,0,True,False,True,False,False,False,False,False,False,False,False,True,False,False,False,False,True,False,False,False,False,False,28.9,28.693546666666712
19,3,0,True,False,False,False,False,False,False,False,False,True,False,False,False,True,False,False,True,False,False,False,False,False,37.72,37.71999999999992
14,2,1,True,False,False,False,False,False,True,False,False,False,False,True,False,False,False,False,False,False,True,False,False,False,28.9,28.88400000000005
11,2,0,True,False,False,True,False,False,False,False,False,False,False,True,False,False,False,False,False,False,False,False,False,True,32.82,32.898400000000045
15,0,0,False,True,False,False,False,False,True,False,False,False,False,True,False,False,False,False,False,False,False,False,False,True,30.0,29.482800000000026
10,1,0,True,False,False,False,False,False,False,False,False,True,True,False,False,False,False,False,False,False,False,False,True,False,38.7,38.69999999999993
22,2,0,True,False,False,False,False,False,False,False,False,True,False,False,True,False,False,True,False,False,False,False,False,False,37.72,37.71999999999992
10,3,1,True,False,False,False,False,True,False,False,False,False,False,False,False,False,True,False,False,False,True,False,False,False,32.82,33.751000000000026
11,1,1,True,False,False,False,True,False,False,False,False,False,False,False,False,True,False,False,False,False,True,False,False,False,37.72,37.71999999999992
11,6,0,True,False,True,False,False,False,False,False,False,False,False,False,False,False,True,True,False,False,False,False,False,False,23.02,25.029000000000007
11,63,0,True,False,False,True,False,False,False,False,False,False,False,True,False,False,False,False,True,False,False,False,False,False,33.8,33.64320000000005
19,1,0,True,False,False,False,False,False,False,False,False,True,False,False,False,True,False,False,False,False,False,False,False,True,37.72,37.71999999999992
17,2,1,True,False,False,False,True,False,False,False,False,False,False,False,False,True,False,False,False,True,False,False,False,False,37.72,37.71999999999992
15,63,1,True,False,False,False,True,False,False,False,False,False,False,True,False,False,False,False,False,True,False,False,False,False,37.72,38.56279999999993
11,0,0,False,True,False,False,False,False,False,False,False,True,True,False,False,False,False,False,False,False,False,True,False,False,40.0,40.0
10,4,0,True,False,False,False,False,False,False,False,True,False,True,False,False,False,False,False,False,False,False,True,False,False,38.7,38.69999999999993
18,1,0,True,False,False,False,False,False,False,False,False,True,True,False,False,False,False,True,False,False,False,False,False,False,38.7,38.69999999999993
21,2,0,True,False,False,False,False,False,False,False,False,True,False,False,False,False,True,False,False,False,False,True,False,False,32.82,32.82000000000005
13,23,0,True,False,True,False,False,False,False,False,False,False,False,False,True,False,False,False,False,False,False,False,False,True,27.92,27.92000000000004
12,27,0,True,False,False,False,False,False,False,False,False,True,False,False,False,True,False,True,False,False,False,False,False,False,37.72,37.71999999999992
15,1,0,True,False,False,False,False,False,False,False,True,False,False,False,True,False,False,False,False,False,False,True,False,False,37.72,37.71999999999992
10,0,0,False,True,False,False,False,False,False,False,False,True,False,False,True,False,False,True,False,False,False,False,False,False,39.0,39.01
19,2,0,True,False,False,False,True,False,False,False,False,False,False,False,True,False,False,False,True,False,False,False,False,False,37.72,37.719999999999914
21,3,0,True,False,False,False,False,False,False,False,False,True,False,False,False,True,False,False,False,False,False,True,False,False,37.72,37.71999999999992
22,2,0,True,False,True,False,False,False,False,False,False,False,False,False,True,False,False,True,False,False,False,False,False,False,27.92,27.92000000000004
17,1,1,True,False,False,False,False,True,False,False,False,False,True,False,False,False,False,False,False,False,True,False,False,False,38.7,38.69999999999993
8,1,0,True,False,True,False,False,False,False,False,False,False,False,False,False,True,False,False,False,False,False,True,False,False,27.92,27.92000000000004
19,63,0,True,False,False,False,False,False,False,False,False,True,False,False,False,True,False,True,False,False,False,False,False,False,37.72,37.71999999999992
12,0,1,False,True,True,False,False,False,False,False,False,False,False,False,True,False,False,False,False,True,False,False,False,False,29.0,29.04
12,22,1,True,False,False,False,True,False,False,False,False,False,False,True,False,False,False,False,False,False,True,False,False,False,38.7,38.50399999999993
16,2,0,True,False,False,False,False,False,False,False,True,False,False,False,True,False,False,True,False,False,False,False,False,False,37.72,37.71999999999992
21,88,0,True,False,False,True,False,False,False,False,False,False,False,False,True,False,False,False,True,False,False,False,False,False,32.82,32.82000000000005
16,22,1,True,False,False,True,False,False,False,False,False,False,False,False,True,False,False,False,False,True,False,False,False,False,32.82,32.82000000000005
8,88,0,True,False,True,False,False,False,False,False,False,False,False,False,True,False,False,False,False,False,False,False,True,False,27.92,27.929800000000043
11,0,0,False,True,False,False,False,False,True,False,False,False,True,False,False,False,False,False,True,False,False,False,False,False,30.0,29.581800000000012
21,2,0,True,False,False,False,False,False,False,False,True,False,False,False,False,False,True,False,False,False,False,True,False,False,32.82,32.82000000000005
16,5,0,True,False,False,False,False,True,False,False,False,False,False,False,True,False,False,False,False,False,False,False,True,False,37.72,37.71999999999992
19,1,0,True,False,False,False,False,False,True,False,False,False,False,False,False,False,True,False,False,False,False,False,False,True,23.02,23.019999999999985
14,88,1,True,False,True,False,False,False,False,False,False,False,False,True,False,False,False,False,False,False,True,False,False,False,28.9,27.972266666666705
17,1,0,True,False,False,False,False,False,False,False,False,True,False,False,True,False,False,True,False,False,False,False,False,False,37.72,37.71999999999992
17,2,0,True,False,False,False,False,False,False,False,True,False,False,False,False,True,False,False,False,False,False,True,False,False,37.72,37.71999999999992
12,2,1,True,False,False,False,True,False,False,False,False,False,False,False,False,True,False,False,False,True,False,False,False,False,37.72,37.71999999999992
10,0,1,False,True,False,False,False,False,False,False,False,True,True,False,False,False,False,False,False,False,True,False,False,False,40.0,40.0
9,27,1,True,False,False,True,False,False,False,False,False,False,False,False,False,True,False,False,False,True,False,False,False,False,32.82,32.82000000000005
11,88,0,True,False,False,False,False,False,True,False,False,False,True,False,False,False,False,False,False,False,False,False,False,True,28.9,28.90000000000005
21,9,0,True,False,False,False,True,False,False,False,False,False,False,False,False,True,False,False,False,False,False,True,False,False,37.72,37.71999999999992
22,1,0,True,False,False,True,False,False,False,False,False,False,False,False,True,False,False,True,False,False,False,False,False,False,32.82,32.82000000000005
11,17,0,True,False,False,False,False,False,True,False,False,False,False,False,True,False,False,False,False,False,False,False,True,False,27.92,27.92000000000004
21,27,1,True,False,False,True,False,False,False,False,False,False,False,False,False,True,False,False,False,False,True,False,False,False,32.82,32.82000000000005
13,1,0,True,False,False,False,True,False,False,False,False,False,True,False,False,False,False,False,False,False,False,False,False,True,38.7,38.69999999999993
8,3,0,True,False,False,False,False,False,False,False,False,True,False,False,False,False,True,False,False,False,False,False,True,False,32.82,32.86900000000005
12,0,1,False,True,False,False,False,False,True,False,False,False,False,True,False,False,False,False,False,False,True,False,False,False,30.0,29.59420000000003
14,88,1,True,False,True,False,False,False,False,False,False,False,False,True,False,False,False,False,False,False,True,False,False,False,28.9,27.972266666666705
12,0,0,False,True,False,False,False,False,False,False,False,True,True,False,False,False,False,False,False,False,False,False,False,True,40.0,40.0
8,1,0,True,False,True,False,False,False,False,False,False,False,False,False,False,True,False,False,True,False,False,False,False,False,27.92,27.92000000000004
8,3,0,True,False,False,False,False,False,False,False,False,True,False,False,False,False,True,False,False,False,False,True,False,False,32.82,32.82000000000005
20,2,0,True,False,False,False,False,False,False,False,False,True,False,False,True,False,False,False,False,False,False,True,False,False,37.72,37.71999999999992
16,1,0,True,False,False,True,False,False,False,False,False,False,False,False,False,False,True,False,False,False,False,False,True,False,27.92,27.92000000000004
13,22,0,True,False,False,False,True,False,False,False,False,False,False,True,False,False,False,True,False,False,False,False,False,False,38.7,38.48439999999993
17,7,0,True,False,False,False,False,False,False,False,False,True,False,False,True,False,False,False,False,False,False,True,False,False,37.72,37.71999999999992
21,63,0,True,False,False,False,False,False,False,False,False,True,False,False,False,False,True,True,False,False,False,False,False,False,32.82,33.06500000000005
11,1,0,True,False,False,True,False,False,False,False,False,False,False,False,False,False,True,False,False,False,False,True,False,False,27.92,28.980850000000032
19,1,0,True,False,False,False,True,False,False,False,False,False,False,False,True,False,False,False,False,False,False,False,True,False,37.72,37.71999999999992
13,0,0,False,True,False,False,True,False,False,False,False,False,True,False,False,False,False,True,False,False,False,False,False,False,40.0,40.0
20,2,0,True,False,False,False,False,False,False,False,True,False,False,False,False,True,False,False,False,False,False,False,True,False,37.72,37.71999999999992
15,1,0,True,False,False,False,False,False,False,False,False,True,False,False,False,True,False,False,True,False,False,False,False,False,37.72,37.71999999999992
15,0,0,False,True,True,False,False,False,False,False,False,False,False,False,True,False,False,False,True,False,False,False,False,False,29.0,29.05
20,1,0,True,False,False,False,False,False,True,False,False,False,False,False,True,False,False,False,True,False,False,False,False,False,27.92,27.92000000000004
10,2,0,True,False,False,False,False,False,False,False,True,False,False,False,False,False,True,False,True,False,False,False,False,False,32.82,32.86900000000005
7,4,0,True,False,False,False,False,False,False,False,False,True,False,False,False,True,False,False,False,False,False,False,False,True,37.72,37.71999999999992
22,9,0,True,False,False,False,False,False,True,False,False,False,False,False,True,False,False,True,False,False,False,False,False,False,27.92,27.929800000000043
17,0,1,False,True,False,True,False,False,False,False,False,False,True,False,False,False,False,False,False,False,True,False,False,False,35.0,34.534
16,6,0,True,False,True,False,False,False,False,False,False,False,False,False,True,False,False,False,False,False,False,True,False,False,27.92,27.92000000000004
18,3,1,True,False,False,False,False,False,False,False,True,False,False,False,True,False,False,False,False,False,True,False,False,False,37.72,37.71999999999992
11,12,0,True,False,False,False,False,False,True,False,False,False,False,False,False,False,True,False,False,False,False,True,False,False,23.02,23.019999999999985
17,7,0,True,False,False,False,False,False,False,False,False,True,False,False,True,False,False,False,False,False,False,False,True,False,37.72,37.71999999999992
11,5,1,True,False,False,False,False,False,False,False,False,True,True,False,False,False,False,False,False,True,False,False,False,False,38.7,38.69999999999993
17,1,0,True,False,False,False,True,False,False,False,False,False,False,False,False,False,True,False,False,False,False,False,False,True,37.72,36.44599999999996
17,2,0,True,False,False,False,False,False,True,False,False,False,True,False,False,False,False,False,False,False,False,False,True,False,28.9,28.911000000000048
11,88,0,True,False,False,True,False,False,False,False,False,False,True,False,False,False,False,False,True,False,False,False,False,False,33.8,33.800000000000054
19,8,0,True,False,False,False,True,False,False,False,False,False,False,False,False,True,False,True,False,False,False,False,False,False,37.72,37.719999999999914
16,1,0,True,False,False,True,False,False,False,False,False,False,True,False,False,False,False,False,False,False,False,False,True,False,33.8,33.800000000000054
13,2,0,True,False,True,False,False,False,False,False,False,False,True,False,False,False,False,True,False,False,False,False,False,False,28.9,28.90000000000005
18,1,0,True,False,False,False,False,False,False,True,False,False,False,False,False,True,False,True,False,False,False,False,False,False,23.02,23.029799999999987
18,88,1,True,False,False,True,False,False,False,False,False,False,False,False,False,True,False,False,False,False,True,False,False,False,32.82,32.82000000000005
10,17,0,True,False,False,False,False,False,False,False,False,True,False,False,True,False,False,False,False,False,False,False,False,True,37.72,37.71999999999992
11,17,0,True,False,False,False,False,False,True,False,False,False,False,False,True,False,False,True,False,False,False,False,False,False,27.92,27.929800000000043
11,5,0,True,False,True,False,False,False,False,False,False,False,False,False,True,False,False,False,True,False,False,False,False,False,27.92,27.92000000000004
20,1,0,True,False,False,False,False,False,False,False,False,True,False,False,True,False,False,False,False,False,False,True,False,False,37.72,37.71999999999992
13,23,0,True,False,True,False,False,False,False,False,False,False,True,False,False,False,False,True,False,False,False,False,False,False,28.9,28.89020000000005
18,2,1,True,False,False,False,True,False,False,False,False,False,False,True,False,False,False,False,False,True,False,False,False,False,37.72,37.925799999999924
18,3,1,True,False,False,True,False,False,False,False,False,False,False,False,True,False,False,False,False,False,True,False,False,False,32.82,32.82000000000005
11,1,0,True,False,False,True,False,False,False,False,False,False,False,False,False,False,True,False,False,False,False,False,True,False,27.92,27.92000000000004
19,1,0,True,False,False,True,False,False,False,False,False,False,False,False,False,True,False,False,False,False,False,False,False,True,32.82,32.82000000000005
17,1,0,True,False,False,False,False,False,False,False,False,True,False,False,False,True,False,False,False,False,False,False,False,True,37.72,37.71999999999992
14,7,0,True,False,False,False,True,False,False,False,False,False,False,False,False,True,False,False,True,False,False,False,False,False,37.72,37.719999999999914
12,63,1,True,False,False,False,False,False,False,False,False,True,False,True,False,False,False,False,False,True,False,False,False,False,38.7,38.464799999999926
12,12,0,True,False,False,True,False,False,False,False,False,False,False,True,False,False,False,False,False,False,False,False,False,True,32.82,33.13360000000005
18,1,0,True,False,False,False,False,False,False,False,False,True,True,False,False,False,False,True,False,False,False,False,False,False,38.7,38.69999999999993
8,2,0,True,False,False,False,True,False,False,False,False,False,False,False,True,False,False,False,False,False,False,True,False,False,37.72,37.71999999999992
11,17,1,True,False,False,False,False,False,False,False,False,True,False,True,False,False,False,False,False,False,True,False,False,False,37.72,38.513799999999925
12,88,1,True,False,False,False,True,False,False,False,False,False,True,False,False,False,False,False,False,True,False,False,False,False,38.7,38.69999999999993
21,0,0,False,True,False,True,False,False,False,False,False,False,False,False,False,True,False,False,True,False,False,False,False,False,34.0,34.12
9,27,0,True,False,False,True,False,False,False,False,False,False,False,False,False,False,True,False,True,False,False,False,False,False,27.92,27.96900000000004
9,1,0,True,False,False,False,True,False,False,False,False,False,False,False,False,False,True,False,True,False,False,False,False,False,32.82,33.70200000000003
12,0,0,False,True,False,False,False,False,False,True,False,False,True,False,False,False,False,False,False,False,False,False,False,True,25.0,24.6
14,1,0,True,False,False,False,False,False,False,False,False,True,True,False,False,False,False,False,True,False,False,False,False,False,38.7,38.69999999999993
17,5,0,True,False,False,False,False,False,False,False,False,True,False,False,True,False,False,False,True,False,False,False,False,False,37.72,37.71999999999992
8,27,0,True,False,False,True,False,False,False,False,False,False,False,False,False,True,False,False,False,False,False,True,False,False,32.82,32.82000000000005
17,1,0,True,False,False,False,False,False,False,True,False,False,False,True,False,False,False,False,False,False,False,False,False,True,24.0,23.942999999999998
9,1,1,True,False,False,False,False,False,False,False,False,True,False,False,False,False,True,False,False,True,False,False,False,False,32.82,35.41699999999997
20,4,1,True,False,False,False,False,False,False,False,True,False,False,False,True,False,False,False,False,False,True,False,False,False,37.72,37.71999999999992
17,0,0,False,True,False,False,True,False,False,False,False,False,False,True,False,False,False,False,True,False,False,False,False,False,40.0,39.33
10,8,0,True,False,False,False,False,False,False,False,False,True,False,True,False,False,False,False,False,False,False,False,True,False,37.72,38.52359999999993
10,23,0,True,False,True,False,False,False,False,False,False,False,False,True,False,False,False,False,False,False,False,False,False,True,28.9,28.834666666666717
10,1,1,True,False,False,False,True,False,False,False,False,False,False,False,False,True,False,False,False,False,True,False,False,False,37.72,37.71999999999992
16,88,0,True,False,False,False,True,False,False,False,False,False,False,False,False,True,False,False,True,False,False,False,False,False,37.72,37.71999999999992
19,3,0,True,False,False,False,True,False,False,False,False,False,False,False,False,False,True,False,False,False,False,False,False,True,32.82,33.712500000000034
13,1,1,True,False,False,False,False,False,False,False,False,True,True,False,False,False,False,False,False,True,False,False,False,False,38.7,38.69999999999993
14,2,0,True,False,False,False,True,False,False,False,False,False,False,True,False,False,False,False,False,False,False,True,False,False,38.7,38.641199999999934
13,2,1,True,False,False,True,False,False,False,False,False,False,True,False,False,False,False,False,False,True,False,False,False,False,33.8,33.800000000000054
19,88,0,True,False,False,True,False,False,False,False,False,False,False,False,True,False,False,True,False,False,False,False,False,False,32.82,32.82000000000005
21,2,1,True,False,False,False,True,False,False,False,False,False,False,False,False,True,False,False,False,False,True,False,False,False,37.72,37.71999999999992
10,0,1,False,True,False,False,False,False,False,False,False,True,True,False,False,False,False,False,False,True,False,False,False,False,40.0,40.0
10,17,0,True,False,False,False,False,False,False,False,False,True,False,True,False,False,False,True,False,False,False,False,False,False,37.72,38.48439999999993
14,3,1,True,False,False,False,False,False,False,True,False,False,False,False,False,True,False,False,False,False,True,False,False,False,23.02,23.08859999999999
14,1,0,True,False,False,False,False,False,True,False,False,False,False,False,True,False,False,False,False,False,False,False,False,True,27.92,27.92000000000004
19,8,0,True,False,False,False,True,False,False,False,False,False,False,False,True,False,False,False,False,False,False,False,True,False,37.72,37.71999999999992
8,27,0,True,False,False,False,False,False,False,False,False,True,False,False,False,True,False,False,False,False,False,True,False,False,37.72,37.71999999999992
